,country_code,code_year,Country,Continent,year,MR.men.15.49,MR.women.15.49,ASR.15.49,GDP_per_capita,PD,mean_years_of_schooling,unemployment_rate,unemployment_rate_full,median.age_full,median.age,Main.religion
1,8,8_2001,Albania,Europe,2001,0.591313441,0.681687979,0.495579873,1281.659393,111.685146,8.7,NA,1.03,27,NA,Islam
2,8,8_2011,Albania,Europe,2011,0.493538241,0.62395329,0.499738811,4437.142885,106.0290146,10,1.04,1.04,32.2,NA,Islam
3,12,12_2008,Algeria,Africa,2008,0.360730625,0.454805762,0.505023556,4923.843185,14.58203162,6.7,NA,1.22,24.1,NA,Islam
4,24,24_2014,Angola,Africa,2014,0.482686183,0.531667261,0.491596234,5408.410496,21.61047485,4.9,1.11,1.11,16.4,NA,Christianity
5,28,28_2001,Antigua and Barbuda,North America,2001,0.411183229,0.400998968,0.45958673,10367.31961,175.4818182,8.9,NA,NA,28.1,NA,Christianity
6,31,31_2009,Azerbaijan,Asia,2009,0.535303822,0.595036073,0.492461636,4950.294791,108.2912905,10.5,NA,1.01,27.1,NA,Islam
7,32,32_1991,Argentina,South America,1991,0.546853522,0.599249937,0.491581493,5735.360327,12.08722946,8,1.1,1.1,27,NA,Christianity
8,36,36_1996,Australia,Oceania,1996,0.446348062,0.497045316,0.503220223,21861.32551,2.383530974,11.8,NA,0.93,33.6,NA,Christianity
9,36,36_2001,Australia,Oceania,2001,0.41452487,0.460825127,0.50234342,19490.86111,2.526977598,11.9,NA,0.94,35.4,NA,Christianity
10,36,36_2006,Australia,Oceania,2006,0.381010189,0.427360161,0.503874824,36044.92281,2.694232196,11.3,NA,1.07,36.5,NA,Christianity
11,36,36_2011,Australia,Oceania,2011,0.367278716,0.412898993,0.505489736,62517.83375,2.90798641,12.7,1.08,1.08,36.8,NA,Christianity
12,36,36_2016,Australia,Oceania,2016,0.368760356,0.40685511,0.502980765,49971.13146,3.144935531,12.6,1.02,1.02,37.2,NA,Christianity
13,40,40_1991,Austria,Europe,1991,0.482788889,0.545348958,0.505069177,22410.91177,93.90761686,8.7,1.06,1.06,36.5,NA,Christianity
14,40,40_2001,Austria,Europe,2001,0.48001048,0.55366931,0.507098957,24537.51426,97.38790264,9.2,NA,0.96,38.2,NA,Christianity
15,40,40_2011,Austria,Europe,2011,0.482835043,0.552357189,0.503976997,51374.95841,101.6417316,11.8,1.01,1.01,41.9,NA,Christianity
16,44,44_1990,Bahamas,North America,1990,0.380414863,0.394107238,0.499878528,12356.4239,25.5967033,NA,NA,0.99,23.6,23.6,Christianity
17,44,44_2000,Bahamas,North America,2000,0.398642301,0.403863273,0.487950186,27097.61081,29.77532468,10.9,1.34,1.34,27,27,Christianity
18,44,44_2010,Bahamas,North America,2010,0.375228955,0.391347567,0.486204978,28443.40766,35.45874126,11.5,1.03,1.03,29.4,29.4,Christianity
19,50,50_2011,Bangladesh,Asia,2011,0.626923461,0.798516195,0.503017487,861.7584443,1146.760221,5.7,1.74,1.74,24,NA,Islam
20,52,52_2010,Barbados,North America,2010,0.211240923,0.235190812,0.487221508,16056.37098,656.1186047,9.4,0.96,0.96,37.3,37.3,Christianity
21,56,56_2001,Belgium,Europe,2001,0.451983806,0.519236562,0.508211408,22995.15752,339.7149934,10.2,NA,1.56,39,NA,Christianity
22,56,56_2011,Belgium,Europe,2011,0.507725535,0.568014621,0.506908826,47348.52502,364.5397622,11.2,1.01,1.01,40.9,NA,Christianity
23,64,64_2005,Bhutan,Asia,2005,0.525746886,0.628915011,0.531497165,1228.441824,17.01967626,2.3,1.14,1.14,21.4,21.4,Buddhism
24,64,64_2017,Bhutan,Asia,2017,0.558070593,0.613597257,0.53683439,3286.574703,19.54614094,4.1,1.75,1.75,25.7,NA,Buddhism
25,68,68_2001,Bolivia (Plurinational State of),South America,2001,0.513977954,0.56197086,0.503808648,948.8712066,7.92046063,7.3,NA,1.58,21.1,NA,Christianity
26,68,68_2012,Bolivia (Plurinational State of),South America,2012,0.471283297,0.519812641,0.505122971,2609.880814,9.57968799,8,1.87,1.87,22.9,NA,Christianity
27,72,72_2001,Botswana,Africa,2001,0.316996514,0.386154736,0.475043545,3278.00825,2.954983855,7.7,NA,1.17,19.7,NA,Christianity
28,72,72_2011,Botswana,Africa,2011,0.36155848,0.418669585,0.48753093,7617.32516,3.556194308,8.9,1.44,1.44,22.2,NA,Christianity
29,76,76_2000,Brazil,South America,2000,0.557172184,0.613003236,0.496809251,3749.75325,20.91258821,5.6,1.63,1.63,25.3,25.3,Christianity
30,76,76_2010,Brazil,South America,2010,0.51864234,0.565252938,0.49759512,11286.24302,23.41593165,6.9,1.9,1.9,29.2,29.2,Christianity
31,84,84_1991,Belize,North America,1991,0.336267633,0.391332358,0.504563515,2326.821554,8.37913196,5.9,2.06,2.06,17.9,NA,Christianity
32,90,90_1999,Solomon Islands,Oceania,1999,0.502431539,0.607517089,0.513217523,1233.714387,14.34748124,4.5,NA,0.8,17.9,NA,Christianity
33,90,90_2009,Solomon Islands,Oceania,2009,0.51378547,0.608865113,0.500221551,1428.508446,18.40589496,5,NA,0.85,19.1,NA,Christianity
34,96,96_1991,Brunei Darussalam,Asia,1991,0.567223739,0.571735096,0.535188195,13905.06387,50.5142315,7.6,1.81,1.81,23.1,NA,Islam
35,96,96_2011,Brunei Darussalam,Asia,2011,0.509800811,0.543226092,0.520533461,47055.84112,74.70360531,8.8,1.41,1.41,27.5,NA,Islam
36,100,100_2001,Bulgaria,Europe,2001,0.554599423,0.649773248,0.505767606,1770.913534,72.3957516,9.9,NA,0.95,39.7,NA,Christianity
37,100,100_2011,Bulgaria,Europe,2011,0.496581654,0.608051915,0.514701219,7809.425062,67.68909359,10.9,0.82,0.82,42.3,NA,Christianity
38,104,104_2014,Myanmar,Asia,2014,0.564173068,0.586767216,0.486189375,1251.820765,80.0526842,4.8,1.35,1.35,26.1,NA,Buddhism
39,108,108_2008,Burundi,Africa,2008,0.514587002,0.574756217,0.491745817,198.3529006,316.4369938,2.5,NA,0.56,16.2,NA,Christianity
40,116,116_1998,Cambodia,Asia,1998,0.607866877,0.604369533,0.473892525,268.9904186,65.71781101,NA,NA,1.05,17.1,NA,Buddhism
41,116,116_2008,Cambodia,Asia,2008,0.543986531,0.591876891,0.487473003,745.6091807,78.65303648,4.8,NA,1.06,19.8,NA,Buddhism
42,120,120_2005,Cameroon,Africa,2005,0.433930617,0.56775547,0.499685238,1011.880073,37.51435341,3.5,1.26,1.26,20.4,20.4,Christianity
43,124,124_1991,Canada,North America,1991,0.462354599,0.508972626,0.505174024,21768.34329,3.127225314,3.6,0.66,0.66,16.7,NA,Christianity
44,124,124_1996,Canada,North America,1996,0.525645417,0.576126367,0.504393342,21227.34753,3.302651359,4.3,NA,0.69,16.8,NA,Christianity
45,124,124_2001,Canada,North America,2001,0.514022886,0.563773022,0.505152463,23738.18072,3.459995605,4.9,NA,0.78,17.2,NA,Christianity
46,124,124_2006,Canada,North America,2006,0.499239537,0.547004976,0.506006083,40385.86996,3.632909156,5.2,NA,1.09,17.6,NA,Christianity
47,124,124_2011,Canada,North America,2011,0.481160714,0.5293302,0.505169954,52087.44638,3.830124732,5.5,1.4,1.4,17.9,NA,Christianity
48,124,124_2016,Canada,North America,2016,0.472318546,0.521872953,0.503167759,42322.48478,4.027563942,6.1,1.3,1.3,18.2,NA,Christianity
49,144,144_2001,Sri Lanka,Asia,2001,0.534929771,0.632728655,0.497156526,832.8034402,301.57439,10.2,NA,1.95,27.6,NA,Buddhism
50,144,144_2012,Sri Lanka,Asia,2012,0.585660033,0.673528471,0.488229304,3350.521876,325.7056291,10.9,2.21,2.21,30.4,NA,Buddhism
51,148,148_2009,Chad,Africa,2009,0.569111754,0.786112831,0.500395489,803.6860408,9.180548761,3.5,NA,0.93,18,NA,Islam
52,152,152_1992,Chile,South America,1992,0.537465796,0.574225024,0.496281819,3350.213845,18.45222398,8.2,NA,1.13,25.7,NA,Christianity
53,152,152_2002,Chile,South America,2002,0.49504416,0.536337766,0.499230052,4446.250505,21.09446399,9.2,NA,1.32,28.7,NA,Christianity
54,170,170_1993,Colombia,South America,1993,0.511074612,0.552656721,0.487699639,1893.542212,31.62800541,5.8,NA,1.78,21.9,NA,Christianity
55,188,188_2000,Costa Rica,North America,2000,0.533855165,0.578088124,0.502140785,3772.870012,77.60227184,8,1.53,1.53,25.3,25.3,Christianity
56,188,188_2011,Costa Rica,North America,2011,0.491742763,0.526877928,0.503257784,9121.932518,90.73807286,8.4,1.49,1.49,29.1,NA,Christianity
57,191,191_1991,Croatia,Europe,1991,0.564581577,0.660882876,0.507809215,NA,83.86732248,6.3,1,1,35.8,NA,Christianity
58,191,191_2001,Croatia,Europe,2001,0.500755814,0.594224222,0.503702225,5362.022897,76.9029154,9.8,NA,1.15,38.9,NA,Christianity
59,191,191_2011,Croatia,Europe,2011,0.469340555,0.573356614,0.505226986,14609.52435,76.49431737,11.1,1.01,1.01,41.7,NA,Christianity
60,192,192_2002,Cuba,North America,2002,0.559053161,0.644626062,0.500769398,2999.245244,105.2697716,9.5,NA,2.17,32.8,NA,Christianity
61,192,192_2012,Cuba,North America,2012,0.539987097,0.626859995,0.504635994,6497.321113,105.5528041,10.8,1.07,1.07,38.4,NA,Christianity
62,196,196_1992,Cyprus,Europe,1992,0.599153509,0.683517476,0.516822024,11310.07192,86.64621212,8.9,NA,1.1,29.9,NA,Christianity
63,196,196_2001,Cyprus,Europe,2001,0.530477561,0.605425099,0.514247141,14821.44682,103.925974,10.1,NA,2.28,31.8,NA,Christianity
64,196,196_2011,Cyprus,Europe,2011,0.489674414,0.568589041,0.505423707,32396.38574,121.7351732,11.6,0.95,0.95,33.9,NA,Christianity
65,203,203_1991,Czechia,Europe,1991,0.58969013,0.668128466,0.505772344,2896.609131,133.4098356,8.4,0.85,0.85,35.3,NA,Unaffiliated Religions
66,203,203_2001,Czechia,Europe,2001,0.465849222,0.546431423,0.507470294,6637.041657,132.2195548,10.9,NA,1.44,37.5,NA,Unaffiliated Religions
67,203,203_2011,Czechia,Europe,2011,0.435762085,0.511228081,0.513827943,21871.26608,135.8892802,12.5,1.36,1.36,39.6,NA,Unaffiliated Religions
68,204,204_2002,Benin,Africa,2002,0.505840716,0.715848487,0.495261434,572.2287954,64.69842143,2.7,NA,0.45,17.3,NA,Christianity
69,208,208_1991,Denmark,Europe,1991,0.555696385,0.638596345,0.511706691,27011.37746,121.5923095,9.2,1.21,1.21,37.1,NA,Christianity
70,208,208_2011,Denmark,Europe,2011,0.519515518,0.588569969,0.506363606,61753.64713,131.2885223,12.7,0.97,0.97,40.6,NA,Christianity
71,214,214_2002,Dominican Republic,North America,2002,0.513088103,0.612788822,0.498375358,3110.32509,180.6039122,6.7,NA,2.54,22.5,NA,Christianity
72,214,214_2010,Dominican Republic,North America,2010,0.458959392,0.541921882,0.50121947,5555.389722,200.685593,7.3,1.71,1.71,25,25,Christianity
73,218,218_2010,Ecuador,South America,2010,0.531377902,0.575018772,0.502176608,4633.590358,60.4409607,7.8,1.41,1.41,25,25,Christianity
74,222,222_1992,El Salvador,North America,1992,0.500672168,0.527590689,0.475607799,1073.311045,261.4055502,3.9,NA,0.79,19.6,NA,Christianity
75,222,222_2007,El Salvador,North America,2007,0.508596179,0.525404744,0.463796691,2786.157922,294.6819498,5.8,NA,0.54,23,NA,Christianity
76,231,231_2007,Ethiopia,Africa,2007,0.536759546,0.652266287,0.496052488,244.2860372,71.43828527,2,NA,1.79,16.7,NA,Christianity
77,233,233_2000,Estonia,Europe,2000,0.500927921,0.515308405,0.499455918,4075.970639,32.95553197,11.7,0.77,0.77,38,38,Unaffiliated Religions
78,233,233_2011,Estonia,Europe,2011,0.470306073,0.514997618,0.506712395,17621.54796,31.31490918,12.5,0.89,0.89,40.2,NA,Unaffiliated Religions
79,246,246_2000,Finland,Europe,2000,0.355585345,0.415996826,0.509425413,24285.46682,16.99402147,9.3,1.16,1.16,39.4,39.4,Christianity
80,246,246_2010,Finland,Europe,2010,0.32021397,0.375431646,0.510502648,46459.97325,17.64841066,12.8,0.84,0.84,42,42,Christianity
81,250,250_1990,France,Europe,1990,0.462301618,0.512008834,0.503694689,21793.84265,106.3537491,7.1,NA,1.62,34.8,34.8,Christianity
82,250,250_1999,France,Europe,1999,0.404722385,0.452659593,0.499527265,24673.19897,110.4829701,9.6,NA,1.41,36.2,NA,Christianity
83,250,250_2009,France,Europe,2009,0.525439848,0.577762853,0.498309603,41575.41875,118.1740714,10.8,NA,1.19,38.9,NA,Christianity
84,268,268_2014,Georgia,Asia,2014,0.558352144,0.653880375,0.497621577,4739.188338,65.07250079,12.6,0.73,0.73,37,NA,Christianity
85,270,270_2003,Gambia,Africa,2003,0.364269488,0.652104759,0.487305659,335.906217,143.2732213,2.2,NA,1.76,16.5,NA,Islam
86,276,276_2011,Germany,Europe,2011,0.491220272,0.569283505,0.508112402,46644.77603,230.3046333,13.8,0.93,0.93,44.3,NA,Christianity
87,288,288_2000,Ghana,Africa,2000,0.468850636,0.603240959,0.5054221,258.4709595,84.72732706,6.1,1.06,1.06,18.5,18.5,Christianity
88,288,288_2010,Ghana,Africa,2010,0.449009159,0.55827345,0.507721061,1299.344949,108.9022545,6.7,1.19,1.19,20,20,Christianity
89,296,296_2005,Kiribati,Oceania,2005,0.555524197,0.617852283,0.4896627,1214.556667,113.9814815,7.3,NA,NA,20.7,20.7,Christianity
90,300,300_1991,Greece,Europe,1991,0.50681463,0.635002404,0.508038514,10188.36978,80.06149728,7.9,2.7,2.7,35.1,NA,Christianity
91,300,300_2001,Greece,Europe,2001,0.45059418,0.557645526,0.512063698,12538.17887,84.2678976,8.8,NA,2.29,38,NA,Christianity
92,300,300_2011,Greece,Europe,2011,0.425810156,0.534608894,0.50714219,25916.29349,86.1512723,10.3,1.42,1.42,41.1,NA,Christianity
93,320,320_2018,Guatemala,North America,2018,0.541865801,0.566908597,0.491555608,4472.892371,152.5471258,6.5,1.85,1.85,21.3,NA,Christianity
94,324,324_1996,Guinea,Africa,1996,0.436343997,0.799161803,0.466024691,518.3742332,39.50330725,1.4,NA,0.61,17,NA,Islam
95,324,324_2014,Guinea,Africa,2014,0.42037532,0.746504867,0.4715714,787.2380702,60.18630868,2.6,0.62,0.62,16.7,NA,Islam
96,332,332_2003,Haiti,North America,2003,0.400520254,0.515521234,0.488110876,561.8179438,322.9355588,4.1,NA,1.33,19.1,NA,Christianity
97,340,340_2001,Honduras,North America,2001,0.524173862,0.582112294,0.492423951,1133.186372,60.34419519,4.4,NA,1.09,18.2,NA,Christianity
98,344,344_1991,"China, Hong Kong SAR",Asia,1991,0.505592653,0.579494215,0.509205157,15465.85886,5810.10101,8.6,0.82,0.82,31,NA,Unaffiliated Religions
99,344,344_1996,"China, Hong Kong SAR",Asia,1996,0.532890577,0.582216246,0.495677661,24818.15455,6129.047619,8.8,NA,0.86,34,NA,Unaffiliated Religions
100,344,344_2001,"China, Hong Kong SAR",Asia,2001,0.515281497,0.548794625,0.478291957,25230.21633,6394.571429,9.1,NA,0.72,36.2,NA,Unaffiliated Religions
101,344,344_2006,"China, Hong Kong SAR",Asia,2006,0.473156973,0.508392468,0.462665356,28224.21506,6530.571429,11,NA,0.68,39.1,NA,Unaffiliated Religions
102,344,344_2011,"China, Hong Kong SAR",Asia,2011,0.439283198,0.493463372,0.444885994,35142.48793,6734.857143,11.4,0.7,0.7,41.2,NA,Unaffiliated Religions
103,344,344_2016,"China, Hong Kong SAR",Asia,2016,0.435627594,0.504618187,0.43811181,43731.10682,6987.238095,12.1,0.83,0.83,43.2,NA,Unaffiliated Religions
104,348,348_1990,Hungary,Europe,1990,0.544135876,0.617644879,0.502158636,NA,115.4332703,8.7,NA,0.8,36.4,36.4,Christianity
105,348,348_2001,Hungary,Europe,2001,0.467595091,0.536307392,0.501809599,5276.033189,113.6752511,10.3,NA,0.81,38.5,NA,Christianity
106,348,348_2011,Hungary,Europe,2011,0.450338705,0.527134888,0.504908582,14216.16561,110.1483155,11.7,0.99,0.99,40.1,NA,Christianity
107,352,352_2011,Iceland,Europe,2011,0.451285668,0.50443917,0.509534177,47516.87469,3.182184539,11,0.8,0.8,34.8,NA,Christianity
108,356,356_1991,India,Asia,1991,0.635087554,0.791498488,0.520929973,303.0556053,299.7700144,3.1,0.91,0.91,21.1,NA,Hinduism
109,356,356_2001,India,Asia,2001,0.621216987,0.755450029,0.52184627,451.5730011,361.5645435,4.5,NA,0.94,22.7,NA,Hinduism
110,356,356_2011,India,Asia,2011,0.628032041,0.74832711,0.522672374,1458.103527,420.5209654,5.3,0.99,0.99,25.1,NA,Hinduism
111,360,360_1990,Indonesia,Asia,1990,0.556932647,0.662807469,0.503390294,585.07655,100.1415358,3.3,NA,1.25,21.3,21.3,Islam
112,360,360_2000,Indonesia,Asia,2000,0.58325776,0.669117061,0.504952321,780.190201,116.7571902,6.7,1.18,1.18,24.4,24.4,Islam
113,360,360_2010,Indonesia,Asia,2010,0.637601484,0.710306964,0.503076575,3122.362815,133.4942702,7.4,1.25,1.25,27.2,27.2,Islam
114,368,368_1997,Iraq,Asia,1997,0.469522925,0.553124444,0.498815164,NA,49.01930631,4.5,NA,0.83,17.5,NA,Islam
115,372,372_1991,Ireland,Europe,1991,0.449624772,0.507866033,0.502737434,14104.07843,51.30258383,9.9,1.08,1.08,28.4,NA,Christianity
116,372,372_1996,Ireland,Europe,1996,0.401782834,0.453468425,0.501645589,20860.59696,52.80171288,10.5,NA,1.01,30.1,NA,Christianity
117,372,372_2002,Ireland,Europe,2002,0.361062522,0.402138447,0.503403691,32541.09855,57.07572942,11.2,NA,0.98,31.8,NA,Christianity
118,372,372_2006,Ireland,Europe,2006,0.361227028,0.394575337,0.503733356,54306.42932,62.03499782,11.8,NA,0.87,33.2,NA,Christianity
119,372,372_2011,Ireland,Europe,2011,0.492395776,0.537012214,0.498295702,51848.9097,66.484018,10.9,0.71,0.71,34.4,NA,Christianity
120,372,372_2016,Ireland,Europe,2016,0.370163416,0.399851333,0.495751126,63197.0824,69.0279431,12.5,0.84,0.84,36.5,NA,Christianity
121,376,376_1995,Israel,Asia,1995,0.531833122,0.586197796,0.499465689,18103.6625,256.2384473,11.6,1.47,1.47,27.3,27.3,Judaism
122,380,380_2001,Italy,Europe,2001,0.455293851,0.540408646,0.5024833,20483.21599,193.7169766,8.7,NA,1.79,40.3,NA,Christianity
123,380,380_2011,Italy,Europe,2011,0.475886575,0.567518408,0.501091013,38599.06221,201.8747841,9.8,1.27,1.27,43.5,NA,Christianity
124,384,384_1998,CÙte d'Ivoire,Africa,1998,0.444241857,0.633726387,0.52380484,809.0126883,49.02331447,3,NA,1.01,17.8,NA,Christianity
125,384,384_2014,CÙte d'Ivoire,Africa,2014,0.410945525,0.583988205,0.504019119,1561.463655,71.21912893,4.4,1.5,1.5,17.9,NA,Christianity
126,392,392_1990,Japan,Asia,1990,0.513938622,0.593690711,0.508018207,25359.34702,338.8288535,9.6,NA,1.1,37.3,37.3,Unaffiliated Religions
127,392,392_1995,Japan,Asia,1995,0.481419539,0.563847039,0.509185566,43440.36787,344.0455293,10.2,1.03,1.03,39.4,39.4,Unaffiliated Religions
128,392,392_2000,Japan,Asia,2000,0.457883408,0.538085904,0.509679197,38532.04088,347.9917695,10.7,0.92,0.92,41.2,41.2,Unaffiliated Religions
129,392,392_2005,Japan,Asia,2005,0.441433422,0.515399697,0.509893775,37217.64873,350.5432099,11.2,0.91,0.91,43,43,Unaffiliated Religions
130,392,392_2010,Japan,Asia,2010,0.436350927,0.506970284,0.509976175,44507.67639,351.3580247,11.5,0.85,0.85,44.7,44.7,Unaffiliated Religions
131,392,392_2015,Japan,Asia,2015,0.458504379,0.51726348,0.510250052,34524.46986,348.8093278,12.5,0.86,0.86,46.4,46.4,Unaffiliated Religions
132,400,400_1994,Jordan,Asia,1994,0.481764858,0.574756489,0.533344193,1414.33827,49.98140299,8.5,NA,1.66,16.8,NA,Islam
133,400,400_2004,Jordan,Asia,2004,0.475298175,0.557569349,0.521393845,2044.962623,63.23939257,9.7,NA,1.71,19.6,NA,Islam
134,400,400_2015,Jordan,Asia,2015,0.494678277,0.593076005,0.509408143,4164.107876,104.3768304,10.3,2.06,2.06,22.1,22.1,Islam
135,404,404_2009,Kenya,Africa,2009,0.484128508,0.593770074,0.496641951,905.1317861,71.86595917,6.1,NA,1.13,17.6,NA,Christianity
136,410,410_1990,Republic of Korea,Asia,1990,0.51257268,0.600440434,0.511742922,6610.036508,444.4254924,8.9,NA,0.74,27,27,Unaffiliated Religions
137,410,410_1995,Republic of Korea,Asia,1995,0.524809106,0.616495895,0.51116995,12564.77813,467.4786544,10,0.73,0.73,29.3,29.3,Unaffiliated Religions
138,410,410_2000,Republic of Korea,Asia,2000,0.518299,0.608783825,0.509939827,12256.99357,487.3326871,10.6,0.72,0.72,31.9,31.9,Unaffiliated Religions
139,410,410_2005,Republic of Korea,Asia,2005,0.493471366,0.585692687,0.512129548,19402.50263,497.5174084,11.4,0.85,0.85,34.8,34.8,Unaffiliated Religions
140,410,410_2010,Republic of Korea,Asia,2010,0.456526469,0.54754706,0.515283477,23087.22564,509.8159671,11.6,0.82,0.82,38,38,Unaffiliated Religions
141,410,410_2015,Republic of Korea,Asia,2015,0.412341187,0.498502159,0.518398404,28732.23108,523.5255477,12.1,0.97,0.97,40.8,40.8,Unaffiliated Religions
142,417,417_1999,Kyrgyzstan,Asia,1999,0.576918195,0.616755653,0.499453429,258.0492288,25.2367049,9.8,NA,1.35,21.6,NA,Islam
143,417,417_2009,Kyrgyzstan,Asia,2009,0.514732409,0.559249921,0.499511995,871.2243893,28.06725756,10.4,NA,1.22,23.8,NA,Islam
144,418,418_1995,Lao Peopleís Democratic Republic,Asia,1995,0.590611669,0.647891723,0.498519932,363.8796019,20.99862652,3.6,1,1,17.6,17.6,Buddhism
145,418,418_2005,Lao Peopleís Democratic Republic,Asia,2005,0.564183107,0.641141814,0.493091399,475.6107135,24.92060659,4.2,1.01,1.01,19.1,19.1,Buddhism
146,418,418_2015,Lao Peopleís Democratic Republic,Asia,2015,0.563707719,0.646525467,0.502301271,2134.711796,29.20781629,5.1,0.86,0.86,22.8,22.8,Buddhism
147,426,426_1996,Lesotho,Africa,1996,0.454173686,0.531067401,0.486382146,489.1318193,63.71182477,4.7,NA,1.62,18.2,NA,Christianity
148,426,426_2006,Lesotho,Africa,2006,0.409732977,0.484395207,0.485046806,904.6034022,65.54476285,5.4,NA,1.48,20.3,NA,Christianity
149,428,428_2000,Latvia,Europe,2000,0.473625909,0.510413181,0.493601108,3357.586436,38.06595279,9.5,0.89,0.89,37.9,37.9,Christianity
150,428,428_2011,Latvia,Europe,2011,0.453796076,0.505378028,0.49942852,13895.16257,33.1142926,12.6,0.74,0.74,40.8,NA,Christianity
151,430,430_2008,Liberia,Africa,2008,0.449576606,0.581247381,0.500737299,478.3999379,37.45701827,4,NA,1,18.4,NA,Christianity
152,440,440_2001,Lithuania,Europe,2001,0.525349489,0.548394129,0.494983607,3525.793632,55.373612,10.9,NA,0.75,35.9,NA,Christianity
153,440,440_2011,Lithuania,Europe,2011,0.497007343,0.5397369,0.495114887,14392.53426,48.31533012,11.8,0.72,0.72,40.6,NA,Christianity
154,442,442_1991,Luxembourg,Europe,1991,0.5259757,0.589952008,0.51215662,37007.43753,NA,8.9,1.88,1.88,36.4,NA,Christianity
155,442,442_2001,Luxembourg,Europe,2001,0.488837817,0.552815091,0.507004373,48179.42085,181.6975309,10.5,NA,1.73,37.3,NA,Christianity
156,442,442_2011,Luxembourg,Europe,2011,0.4829488,0.543371204,0.507557801,115761.5077,213.3115226,11.8,1.63,1.63,38.9,NA,Christianity
157,450,450_1993,Madagascar,Africa,1993,0.529325603,0.585699851,0.496047245,320.5642177,21.79636826,NA,NA,1,17.1,NA,Christianity
158,458,458_1991,Malaysia,Asia,1991,0.513855701,0.602398699,0.508257575,2653.526742,56.36870187,6.7,1.29,1.29,21.6,NA,Islam
159,458,458_2000,Malaysia,Asia,2000,0.515239841,0.597813672,0.508051889,4043.662051,70.59582103,8.6,1.03,1.03,23.8,23.8,Islam
160,458,458_2010,Malaysia,Asia,2010,0.516045695,0.567695286,0.519520647,9040.566251,85.85614062,9.8,1.09,1.09,26,26,Islam
161,466,466_1998,Mali,Africa,1998,0.422254582,0.726607908,0.49228497,281.8726309,8.490940755,1.1,NA,1.02,16.5,NA,Islam
162,466,466_2009,Mali,Africa,2009,0.46382262,0.737474757,0.499369103,698.8989219,11.9501299,1.9,NA,1.43,16.5,NA,Islam
163,470,470_2011,Malta,Europe,2011,0.469008762,0.563710874,0.513150574,23155.55477,1300.8375,10.5,1.19,1.19,40.2,NA,Christianity
164,480,480_1990,Mauritius,Africa,1990,0.487451453,0.591670715,0.507007475,2506.179312,521.5640394,5.7,NA,1.8,24.9,24.9,Hinduism
165,480,480_2000,Mauritius,Africa,2000,0.5379586,0.64254243,0.502579057,3929.075495,584.6665025,6.2,1.64,1.64,29,29,Hinduism
166,480,480_2011,Mauritius,Africa,2011,0.498105659,0.620862874,0.503985061,9197.026972,616.9477833,8.5,2.38,2.38,32.9,NA,Hinduism
167,484,484_1990,Mexico,North America,1990,0.555963364,0.593871386,0.491499443,3112.268706,43.1817341,5.5,NA,1.67,19.7,19.7,Christianity
168,484,484_1995,Mexico,North America,1995,0.558506577,0.579555928,0.486148846,3928.223926,47.15310836,6.4,1.43,1.43,21.3,21.3,Christianity
169,484,484_2000,Mexico,North America,2000,0.573266731,0.597769691,0.485831274,7157.8145,50.8757144,6.7,1.49,1.49,22.9,22.9,Christianity
170,484,484_2010,Mexico,North America,2010,0.558691695,0.584550351,0.485530054,9271.398233,58.69130533,8,0.96,0.96,26.2,26.2,Christianity
171,496,496_2000,Mongolia,Asia,2000,0.549833444,0.58715934,0.500452837,474.2168965,1.543176961,8.2,0.98,0.98,22,22,Buddhism
172,496,496_2010,Mongolia,Asia,2010,0.55805578,0.593897151,0.500202828,2643.292914,1.750750534,9.5,0.83,0.83,25.7,25.7,Buddhism
173,498,498_2014,Republic of Moldova,Europe,2014,0.49440962,0.590456296,0.501373386,3328.801449,99.52102275,11.6,0.66,0.66,34.2,NA,Christianity
174,499,499_2003,Montenegro,Europe,2003,0.459043997,0.562970174,0.501980769,2789.159065,45.52171004,10.3,NA,1.36,34.4,NA,Christianity
175,499,499_2011,Montenegro,Europe,2011,0.417772664,0.533999432,0.503926431,7329.026063,46.10252788,11.1,1.04,1.04,36.4,NA,Christianity
176,504,504_1994,Morocco,Africa,1994,0.417868868,0.549051991,0.49913113,1326.941304,59.56638584,2.7,NA,0.96,19.8,NA,Islam
177,504,504_2004,Morocco,Africa,2004,0.420260679,0.525663513,0.489815853,1952.90183,67.47751288,3.8,NA,0.95,22.7,NA,Islam
178,508,508_1997,Mozambique,Africa,1997,0.616501459,0.703603257,0.465899362,283.5140758,20.85147511,1.9,NA,0.4,17.7,NA,Christianity
179,508,508_2007,Mozambique,Africa,2007,0.59144176,0.690289531,0.475130518,482.1986304,27.56086879,3,NA,0.61,17.3,NA,Christianity
180,508,508_2017,Mozambique,Africa,2017,0.587837112,0.656327981,0.483529573,461.4150941,36.43150512,3.4,1.15,1.15,17.1,NA,Christianity
183,516,516_2001,Namibia,Africa,2001,0.268890685,0.338726406,0.481018712,1906.292604,2.215102819,5.8,NA,1.13,18.5,NA,Christianity
184,516,516_2011,Namibia,Africa,2011,0.268165744,0.316712392,0.486781949,5723.32549,2.619612773,6.3,1.22,1.22,20.5,NA,Christianity
185,524,524_2011,Nepal,Asia,2011,0.631927203,0.74975112,0.466015574,699.4293377,188.6392536,3.3,0.72,0.72,21.7,NA,Hinduism
186,528,528_2001,Netherlands,Europe,2001,0.428083218,0.467515307,0.507822425,26873.27593,475.3015403,11,NA,1.6,37.5,NA,Christianity
187,528,528_2011,Netherlands,Europe,2011,0.520617584,0.589778672,0.506036856,54159.34661,495.0496441,12,1.18,1.18,40.8,NA,Christianity
188,554,554_1991,New Zealand,Oceania,1991,0.447759997,0.489490142,0.496658204,12230.07345,13.2737078,11.6,0.87,0.87,31.1,NA,Christianity
189,554,554_1996,New Zealand,Oceania,1996,0.556542244,0.596201854,0.495072352,18794.43604,14.17340777,11.6,NA,1.01,32.6,NA,Christianity
190,554,554_2001,New Zealand,Oceania,2001,0.391125814,0.425735547,0.490976331,13882.85683,14.73738179,11.6,NA,0.96,34.3,NA,Christianity
191,554,554_2006,New Zealand,Oceania,2006,0.369724254,0.402028899,0.489375184,26671.32942,15.89229425,11.7,NA,1.18,35.5,NA,Christianity
192,558,558_2005,Nicaragua,North America,2005,0.527726193,0.575839016,0.489816054,1162.290113,45.19436596,5.5,1.13,1.13,21.1,21.1,Christianity
193,562,562_2001,Niger,Africa,2001,0.603576641,0.838499513,0.484134271,208.3770422,9.277149286,1.1,NA,0.53,15.9,NA,Islam
194,566,566_1991,Nigeria,Africa,1991,0.491821242,0.705684731,0.50303444,502.9141389,107.2363297,NA,0.88,0.88,17.4,NA,Christianity
195,566,566_2006,Nigeria,Africa,2006,0.449403439,0.622249949,0.505461528,1656.424759,156.5030776,5.2,NA,0.96,18,NA,Christianity
196,578,578_1990,Norway,Europe,1990,0.417104339,0.486826098,0.513012094,28242.94374,11.61271095,11.5,NA,0.87,35.4,35.4,Christianity
197,578,578_2001,Norway,Europe,2001,0.497646246,0.574936122,0.509464566,38542.7151,12.35817974,12.1,NA,0.91,36.9,NA,Christianity
198,578,578_2011,Norway,Europe,2011,0.471867485,0.539715768,0.512481686,100600.5624,13.56103865,12.8,0.88,0.88,38.7,NA,Christianity
199,586,586_1998,Pakistan,Asia,1998,0.545200688,0.676692757,0.514186115,461.2167361,174.9211719,3.1,NA,0.51,18.4,NA,Islam
200,591,591_1990,Panama,North America,1990,0.478055711,0.564335506,0.504403903,2603.846622,33.23845843,7.3,NA,1.66,21.7,21.7,Christianity
201,591,591_2000,Panama,North America,2000,0.49714882,0.577887192,0.504362955,4060.324493,40.76308851,8.5,1.66,1.66,24.5,24.5,Christianity
202,591,591_2010,Panama,North America,2010,0.51189064,0.581123504,0.504373131,8082.028459,49.0003632,9.3,1.76,1.76,27.2,27.2,Christianity
203,600,600_1992,Paraguay,South America,1992,0.519982197,0.602299399,0.509163898,1610.213334,11.1880594,5.9,NA,1.5,19.3,NA,Christianity
204,600,600_2002,Paraguay,South America,2002,0.481050976,0.561342178,0.50913768,1300.851426,13.92389127,6.5,NA,1.47,20.3,NA,Christianity
205,604,604_1993,Peru,South America,1993,0.49730173,0.569415645,0.496563016,1488.033249,18.28760234,7,NA,1.01,20.1,NA,Christianity
206,604,604_2007,Peru,South America,2007,0.50715936,0.569171223,0.4995815,3606.070435,22.13519688,8.1,NA,1,24.1,NA,Christianity
207,608,608_1995,Philippines,Asia,1995,0.528865954,0.584440597,0.50672695,1062.133065,234.0412785,7.1,1.19,1.19,19.8,19.8,Christianity
208,608,608_2010,Philippines,Asia,2010,0.522463113,0.589117495,0.506894069,2217.474009,315.1449844,8.9,1.09,1.09,23.1,23.1,Christianity
209,608,608_2015,Philippines,Asia,2015,0.502020706,0.574581841,0.506782284,3001.040371,342.4664185,9.3,1.08,1.08,24.1,24.1,Christianity
210,616,616_2002,Poland,Europe,2002,0.512066958,0.581317559,0.505040863,5207.171421,124.8175389,11.4,NA,1.26,35,NA,Christianity
211,616,616_2011,Poland,Europe,2011,0.48743527,0.56656588,0.507124045,13879.56099,124.2962969,12.3,1.15,1.15,38.1,NA,Christianity
212,620,620_1991,Portugal,Europe,1991,0.568834776,0.613061528,0.493711598,8958.985333,108.8550273,6.3,2.16,2.16,34.2,NA,Christianity
213,620,620_2001,Portugal,Europe,2001,0.553027543,0.607267934,0.498508366,11724.6115,113.2537923,6.9,NA,1.56,37.8,NA,Christianity
214,620,620_2011,Portugal,Europe,2011,0.419175978,0.467454917,0.4923242,23186.91313,115.2697893,8.3,1.06,1.06,41.6,NA,Christianity
215,624,624_1991,Guinea-Bissau,Africa,1991,0.439616109,0.751913952,0.477463426,257.7891756,26.59506349,NA,0.8,0.8,16.8,NA,Islam
216,626,626_2004,Timor-Leste,Asia,2004,0.507855827,0.603248208,0.508237157,453.4788295,65.35931406,3.1,NA,1.62,17.6,NA,Christianity
217,626,626_2010,Timor-Leste,Asia,2010,0.450824131,0.556597715,0.507939302,806.4091016,73.53887021,4.4,1.49,1.49,18.2,18.2,Christianity
218,626,626_2015,Timor-Leste,Asia,2015,0.44479742,0.536843554,0.507053865,1332.782859,80.45070612,4.5,1.77,1.77,19.6,19.6,Christianity
221,642,642_1992,Romania,Europe,1992,0.593119786,0.68109013,0.507010409,1102.103785,99.33881286,9.2,NA,0.89,32.6,NA,Christianity
222,642,642_2002,Romania,Europe,2002,0.492883107,0.577421247,0.507220705,2119.882673,94.53384957,9.6,NA,0.85,34.9,NA,Christianity
223,642,642_2011,Romania,Europe,2011,0.491449298,0.597229566,0.50969872,9099.217539,87.53324934,10.8,0.83,0.83,39.4,NA,Christianity
224,643,643_2010,Russian Federation,Europe,2010,0.534517687,0.565254604,0.495291975,10674.99578,8.722635522,11.5,0.87,0.87,38,38,Christianity
225,646,646_2002,Rwanda,Africa,2002,0.491091155,0.483668275,0.48845707,233.2845936,341.5914066,2.5,NA,0.52,17.4,NA,Christianity
226,646,646_2012,Rwanda,Africa,2012,0.476072296,0.506014296,0.488929129,725.6276813,427.6318606,3.7,1.04,1.04,18.9,NA,Christianity
227,662,662_1991,Saint Lucia,North America,1991,0.176544692,0.194819811,0.491505399,4383.754446,229.5,NA,1.8,1.8,21.4,NA,Christianity
228,670,670_2001,Saint Vincent and the Grenadines,North America,2001,0.442580139,0.55361576,0.51234866,3985.683402,276.6564103,7.6,NA,0.86,24.2,NA,Christianity
229,670,670_2012,Saint Vincent and the Grenadines,North America,2012,0.462882018,0.563037137,0.510982151,6390.310632,278.0384615,8.4,0.82,0.82,29.2,NA,Christianity
231,686,686_2002,Senegal,Africa,2002,0.421631519,0.655303592,0.481716773,656.6227077,53.41348881,2.4,NA,1.76,17.3,NA,Islam
232,686,686_2013,Senegal,Africa,2013,0.39038314,0.622969048,0.477805875,1376.069816,71.58583078,2.8,1.39,1.39,18,NA,Islam
233,688,688_2002,Serbia,Europe,2002,0.491357015,0.587946944,0.502739599,2283.846685,85.71372056,9.7,NA,1.4,36.1,NA,Christianity
234,688,688_2011,Serbia,Europe,2011,0.438153183,0.545799662,0.504988977,6809.159804,82.7132289,10.6,1.06,1.06,38.7,NA,Christianity
235,690,690_2002,Seychelles,Africa,2002,0.440530592,0.480928502,0.503065585,8331.261997,182.0065217,7.6,NA,NA,26.2,NA,Christianity
236,694,694_2004,Sierra Leone,Africa,2004,0.473609985,0.706925826,0.502676185,266.5695675,75.2838875,2.6,NA,0.51,17.7,NA,Islam
237,694,694_2015,Sierra Leone,Africa,2015,0.421474524,0.575017001,0.504356847,588.2284527,99.36151288,3.4,0.7,0.7,18.7,18.7,Islam
238,702,702_1990,Singapore,Asia,1990,0.475811735,0.558363196,0.503508871,11861.75616,4547.958209,5.8,NA,1,29.3,29.3,Buddhism
239,702,702_2000,Singapore,Asia,2000,0.546538292,0.606580979,0.518395166,23852.32703,6011.771642,8.9,0.9,0.9,34.8,34.8,Buddhism
240,702,702_2010,Singapore,Asia,2010,0.497779362,0.54436145,0.528534146,47236.96023,7231.811966,11,1.13,1.13,37.9,37.9,Buddhism
241,703,703_1991,Slovakia,Europe,1991,0.597599812,0.6658657,0.50322568,2691.195652,110.2555925,10.9,0.94,0.94,31.2,NA,Christianity
242,703,703_2001,Slovakia,Europe,2001,0.492257579,0.561522267,0.504457534,5717.21709,111.8267568,10.2,NA,0.96,33.9,NA,Christianity
243,703,703_2011,Slovakia,Europe,2011,0.413578074,0.493165627,0.507516226,18361.56948,112.2605224,12.1,1,1,37.3,NA,Christianity
244,705,705_1991,Slovenia,Europe,1991,0.523210933,0.605344808,0.508094849,6633.73741,99.2765144,11,0.74,0.74,34.2,NA,Christianity
245,705,705_2011,Slovenia,Europe,2011,0.398822761,0.491120146,0.520078698,25095.13229,101.8982925,12.2,1,1,41.6,NA,Christianity
246,705,705_2015,Slovenia,Europe,2015,0.410261008,0.496763308,0.520493881,20881.76693,102.4461092,11.9,1.25,1.25,43,43,Christianity
247,710,710_1991,South Africa,Africa,1991,0.421922405,0.450376112,0.495326383,3285.95465,31.09328244,6.6,1.38,1.38,19.8,NA,Christianity
248,710,710_1996,South Africa,Africa,1996,0.368319341,0.403743701,0.492830175,3494.383567,34.82100339,8.3,NA,1.4,21.3,NA,Christianity
249,710,710_2011,South Africa,Africa,2011,0.351766494,0.384066742,0.500660604,8007.412846,42.86917871,9.6,1.21,1.21,25,NA,Christianity
250,716,716_1992,Zimbabwe,Africa,1992,0.478931361,0.607259603,0.495704682,619.372594,28.17759338,4.9,NA,0.43,16.9,NA,Christianity
251,716,716_2002,Zimbabwe,Africa,2002,0.477705337,0.577554464,0.482154112,530.5305794,30.90161561,6.9,NA,0.71,18.2,NA,Christianity
252,716,716_2012,Zimbabwe,Africa,2012,0.502715793,0.615521024,0.468769347,1304.969802,33.90236784,7.9,1.26,1.26,18.6,NA,Christianity
253,724,724_1991,Spain,Europe,1991,0.491999193,0.55907021,0.50478935,14811.90282,78.02013455,6.4,1.94,1.94,33.4,NA,Christianity
254,724,724_2001,Spain,Europe,2001,0.429621736,0.489547597,0.508175173,15355.70317,81.94337639,8.5,NA,2.14,37.6,NA,Christianity
255,724,724_2011,Spain,Europe,2011,0.513337551,0.587890582,0.511019204,31636.44631,93.50783588,9.5,1.04,1.04,40,NA,Christianity
256,728,728_1993,South Sudan,Africa,1993,0.443540346,0.632762273,0.496213373,NA,NA,NA,NA,1.2,17.8,NA,Christianity
257,728,728_2008,South Sudan,Africa,2008,0.490543365,0.689705357,0.499081653,1669.492414,NA,4.8,NA,1.19,17.7,NA,Christianity
258,729,729_1993,Sudan,Africa,1993,0.420917314,0.609668955,0.501476657,320.4855165,NA,1.8,NA,1.51,17,NA,Islam
259,740,740_2004,Suriname,South America,2004,0.261005042,0.302126016,0.509428755,3006.183233,3.164615385,7.7,NA,2.16,24.8,NA,Christianity
260,740,740_2012,Suriname,South America,2012,0.227758955,0.279959063,0.507772255,9200.974786,3.469532051,8.8,2.44,2.44,26.7,NA,Christianity
261,748,748_2007,Eswatini,Africa,2007,0.33635681,0.431962083,0.455888661,3327.441875,60.61930233,5.3,NA,1.24,18.5,NA,Christianity
262,752,752_2011,Sweden,Europe,2011,0.269464804,0.321861835,0.51061686,60755.75955,23.02776478,12.4,0.99,0.99,40.7,NA,Christianity
263,756,756_1990,Switzerland,Europe,1990,0.497495154,0.550087194,0.506643487,38428.38546,169.888411,9.7,NA,2.06,36.9,36.9,Christianity
264,756,756_2000,Switzerland,Europe,2000,0.467966345,0.531496902,0.502994069,37868.32303,181.7693047,11.4,1.36,1.36,38.6,38.6,Christianity
265,756,756_2011,Switzerland,Europe,2011,0.520966525,0.585460517,0.504459128,88415.62803,200.2327665,13.3,1.18,1.18,41.5,NA,Christianity
266,764,764_2000,Thailand,Asia,2000,0.575034654,0.629410352,0.493887394,2007.735175,123.2215193,6.1,0.96,0.96,30.2,30.2,Buddhism
267,764,764_2010,Thailand,Asia,2010,0.515235046,0.58999388,0.492962509,5076.340174,131.5254321,7.3,1,1,35.5,35.5,Buddhism
268,768,768_2010,Togo,Africa,2010,0.475796932,0.655920015,0.496550609,534.0443668,118.0672734,4.3,0.77,0.77,18.5,18.5,Christianity
269,776,776_1996,Tonga,Oceania,1996,0.442357827,0.518282645,0.507179487,2306.986856,133.7125,9.1,NA,2.98,19.8,NA,Christianity
270,776,776_2006,Tonga,Oceania,2006,0.460439007,0.529906362,0.501269139,2873.302721,141.2583333,9.4,NA,2.66,21,NA,Christianity
271,776,776_2011,Tonga,Oceania,2011,0.482207002,0.54081605,0.497905098,4002.659165,143.8361111,10.9,3.69,3.69,21.2,NA,Christianity
272,776,776_2016,Tonga,Oceania,2016,0.468423719,0.535681753,0.491405376,4158.288378,140.4625,11.2,3.92,3.92,21.9,NA,Christianity
273,780,780_2011,Trinidad and Tobago,North America,2011,0.312067679,0.377486296,0.500129015,19034.1492,260.4635478,10.8,1.47,1.47,31.9,NA,Christianity
274,788,788_1994,Tunisia,Africa,1994,0.425304549,0.536362515,0.500191995,1743.154533,57.7234552,4,NA,1.11,21.3,NA,Islam
275,792,792_2000,Turkey,Asia,2000,0.57750847,0.672198595,0.49089273,4337.478141,82.16960617,5.5,0.95,0.95,24.9,24.9,Islam
276,792,792_2011,Turkey,Asia,2011,0.553004332,0.644516762,0.497199939,11420.77326,95.42749503,6.7,1.22,1.22,28.3,NA,Islam
277,800,800_1991,Uganda,Africa,1991,0.528332805,0.677768002,0.496156344,185.0181481,89.85301536,2.9,0.46,0.46,15.9,NA,Christianity
278,807,807_1994,The former Yugoslav Republic of Macedonia,Europe,1994,0.61228865,0.707300848,0.508784795,1794.709897,77.92776249,NA,NA,1.21,29.2,NA,Christianity
279,818,818_2017,Egypt,Africa,2017,0.528156584,0.695593987,0.506589286,2444.290311,96.88341253,7.2,2.8,2.8,24.3,NA,Islam
280,826,826_1991,United Kingdom,Europe,1991,0.493086698,0.552524982,0.501384675,19900.72665,237.3616211,8.6,0.79,0.79,35.8,NA,Christianity
281,826,826_2001,United Kingdom,Europe,2001,0.522369166,0.561724677,0.498220763,27744.50646,244.366854,11.8,NA,0.79,37.6,NA,Christianity
282,826,826_2011,United Kingdom,Europe,2011,0.500422944,0.552366912,0.499241264,42038.57225,261.4756748,13,0.85,0.85,39.5,NA,Christianity
283,834,834_2012,United Republic of Tanzania,Africa,2012,0.507191901,0.581452702,0.50079893,867.8676806,53.11862836,5.5,1.69,1.69,17.4,NA,Christianity
284,854,854_2006,Burkina Faso,Africa,2006,0.494818444,0.73945958,0.494152955,473.4497655,50.54523392,1.3,NA,1.31,16.6,NA,Islam
285,858,858_1996,Uruguay,South America,1996,0.529357517,0.588860605,0.496057575,6317.565767,18.55434236,7.5,NA,1.68,31.1,NA,Christianity
286,858,858_2011,Uruguay,South America,2011,0.503503143,0.540787212,0.499534275,14236.68119,19.24885156,8.4,1.67,1.67,33.9,NA,Christianity
287,862,862_1990,Venezuela (Bolivarian Republic of),South America,1990,0.492849801,0.535561891,0.504538875,2475.380473,22.25799558,4.6,NA,0.98,20.9,20.9,Christianity
288,862,862_2001,Venezuela (Bolivarian Republic of),South America,2001,0.496208278,0.537156927,0.502432508,4986.675586,27.94226178,6.4,NA,1.07,23.2,NA,Christianity
289,862,862_2011,Venezuela (Bolivarian Republic of),South America,2011,0.474649201,0.518758696,0.499892,10955.34991,32.75139618,9.8,1.07,1.07,25.8,NA,Christianity
290,882,882_1991,Samoa,Oceania,1991,0.385077319,0.522150991,0.521396354,765.8506279,57.94946996,7.7,1.49,1.49,18.7,NA,Christianity
291,882,882_2001,Samoa,Oceania,2001,0.451625036,0.57866085,0.527465675,1557.01718,61.97597173,8.9,NA,1.4,19.5,NA,Christianity
292,882,882_2006,Samoa,Oceania,2006,0.452362192,0.577083406,0.524302483,2796.570246,63.91378092,9.5,NA,1.36,20.3,NA,Christianity
293,882,882_2011,Samoa,Oceania,2011,0.465707615,0.579526458,0.522646288,3933.459357,66.2434629,10.5,1.3,1.3,20.8,NA,Christianity
294,882,882_2016,Samoa,Oceania,2016,0.472154886,0.567035317,0.52568662,4109.165135,68.74028269,10.6,1.34,1.34,20.9,NA,Christianity
295,887,887_1994,Yemen,Asia,1994,0.554904889,0.697009755,0.501257753,291.4721525,27.08035116,0.6,NA,0.4,14.4,NA,Islam
296,894,894_2010,Zambia,Africa,2010,0.491250277,0.585933267,0.493509451,1489.459306,18.30261908,6.6,1.01,1.01,16.2,16.2,Christianity