,country_code,code_year,year,Country.or.area.x,men.population,men.married,men.marriage.rate,women.population,women.married,women.marriage.rate,ASR,GDP_per_capita,unemployment_rate_full,mean_years_of_schooling,median.age_full,Main.religion,Continent,unemployment_rate,median.age
1,8,8_2001,2001,Albania,1104.562,757.8785626,0.686134923,1096.553,749.0209558,0.68306863,0.501819305,1281.659393,1.03,8.7,27,Islam,Europe,NA,NA
2,8,8_2011,2011,Albania,1146.195,742.2008018,0.647534496,1153.604,759.3539552,0.658244905,0.498389207,4437.142885,1.04,10,32.2,Islam,Europe,1.04,NA
3,12,12_2008,2008,Algeria,12645.117,6045.533812,0.478092359,12491.679,6192.779062,0.495752337,0.50305206,4923.843185,1.22,6.7,24.1,Islam,Africa,NA,NA
4,24,24_2014,2014,Angola,6973.098,3714.762176,0.532727659,7258.313,3761.363237,0.518214527,0.489979384,5408.410496,1.11,4.9,16.4,Christianity,Africa,1.11,NA
5,28,28_2001,2001,Antigua and Barbuda,25.421,11.9744358,0.471045034,29.985,12.1489747,0.405168408,0.458813125,10367.31961,NA,8.9,28.1,Christianity,North America,NA,NA
6,31,31_2009,2009,Azerbaijan,3313.496,2032.412058,0.613373928,3535.188,2091.444983,0.591607853,0.483814993,4950.294791,1.01,10.5,27.1,Islam,Asia,NA,NA
7,32,32_1991,1991,Argentina,10970.95,6754.862478,0.615704426,11959.776,6864.175272,0.573938448,0.478438842,5735.360327,1.1,8,27,Christianity,South America,1.1,NA
8,36,36_1996,1996,Australia,7045.469,3824.449112,0.542823922,7237.052,3780.807297,0.522423674,0.493293096,21861.32551,0.93,11.8,33.6,Christianity,Oceania,NA,NA
9,36,36_2001,2001,Australia,7524.117,3957.133097,0.525926577,7705.539,3876.75777,0.50311312,0.494043792,19490.86111,0.94,11.9,35.4,Christianity,Oceania,NA,NA
10,36,36_2006,2006,Australia,8171.478,4100.846456,0.501848803,8333.654,4022.87839,0.482726832,0.495087104,36044.92281,1.07,11.3,36.5,Christianity,Oceania,NA,NA
11,36,36_2011,2011,Australia,9060.304,4433.136615,0.489292259,9187.367,4343.759799,0.472797027,0.496518378,62517.83375,1.08,12.7,36.8,Christianity,Oceania,1.08,NA
12,36,36_2016,2016,Australia,9724.483,4742.698189,0.487706975,9939.922,4638.710906,0.466674779,0.494522107,49971.13146,1.02,12.6,37.2,Christianity,Oceania,1.02,NA
13,40,40_1991,1991,Austria,3049.316,1797.55349,0.589494001,3405.723,1771.120295,0.52004238,0.472393118,22410.91177,1.06,8.7,36.5,Christianity,Europe,1.06,NA
14,40,40_2001,2001,Austria,3242.612,1882.490039,0.580547423,3510.655,1868.808609,0.532324768,0.480154568,24537.51426,0.96,9.2,38.2,Christianity,Europe,NA,NA
15,40,40_2011,2011,Austria,3493.373,2112.163468,0.604620082,3732.519,2089.012119,0.559678897,0.483452147,51374.95841,1.01,11.8,41.9,Christianity,Europe,1.01,NA
16,44,44_1990,1990,Bahamas,84.851,37.295663,0.439542999,88.264,35.7206616,0.404702502,0.490142391,12356.4239,0.99,NA,23.6,Christianity,North America,NA,23.6
17,44,44_2000,2000,Bahamas,101.179,46.7708935,0.462258903,109.518,44.8624198,0.409635127,0.480210919,27097.61081,1.34,10.9,27,Christianity,North America,1.34,27
18,44,44_2010,2010,Bahamas,124.333,56.0332889,0.450671092,135.181,55.4367203,0.410092545,0.479099393,28443.40766,1.03,11.5,29.4,Christianity,North America,1.03,29.4
19,50,50_2011,2011,Bangladesh,51883.471,36028.3035,0.694408119,50488.572,38467.63658,0.761907795,0.50681289,861.7584443,1.74,5.7,24,Islam,Asia,1.74,NA
20,52,52_2010,2010,Barbados,106.946,34.8020671,0.325417193,119.483,33.8813146,0.283565985,0.472315825,16056.37098,0.96,9.4,37.3,Christianity,North America,0.96,37.3
21,56,56_2001,2001,Belgium,4134.416,2370.654497,0.57339525,4385.065,2377.192265,0.542111067,0.485289656,22995.15752,1.56,10.2,39,Christianity,Europe,NA,NA
22,56,56_2011,2011,Belgium,4456.4,2738.747025,0.614564901,4694.084,2712.947451,0.577950342,0.48701249,47348.52502,1.01,11.2,40.9,Christianity,Europe,1.01,NA
23,64,64_2005,2005,Bhutan,224.819,130.135148,0.578844083,196.343,124.9099828,0.636182511,0.533806469,1228.441824,1.14,2.3,21.4,Buddhism,Asia,1.14,21.4
24,64,64_2017,2017,Bhutan,295.268,183.0085572,0.619804914,254.813,163.9187911,0.643290535,0.536771857,3286.574703,1.75,4.1,25.7,Buddhism,Asia,1.75,NA
25,68,68_2001,2001,Bolivia (Plurinational State of),2675.66,1513.24863,0.565560882,2686.249,1508.946362,0.561729893,0.499012572,948.8712066,1.58,7.3,21.1,Christianity,South America,NA,NA
26,68,68_2012,2012,Bolivia (Plurinational State of),3435.583,1818.480517,0.529307695,3447.826,1830.354347,0.530872018,0.499110688,2609.880814,1.87,8,22.9,Christianity,South America,1.87,NA
27,72,72_2001,2001,Botswana,489.477,191.7799399,0.391805825,546.941,221.1423665,0.404325817,0.472277595,3278.00825,1.17,7.7,19.7,Christianity,Africa,NA,NA
28,72,72_2011,2011,Botswana,627.912,265.8898663,0.423450844,684.42,290.5486153,0.424518008,0.478470387,7617.32516,1.44,8.9,22.2,Christianity,Africa,1.44,NA
29,76,76_2000,2000,Brazil,59956.298,37046.14838,0.617885854,62505.021,37709.02273,0.603295897,0.489593763,3749.75325,1.63,5.6,25.3,Christianity,South America,1.63,25.3
30,76,76_2010,2010,Brazil,71768.854,42119.16368,0.586872457,75362.082,42152.41835,0.559331924,0.487789013,11286.24302,1.9,6.9,29.2,Christianity,South America,1.9,29.2
31,84,84_1991,1991,Belize,54.528,21.4037369,0.392527452,53.897,22.1263933,0.410531074,0.502909846,2326.821554,2.06,5.9,17.9,Christianity,North America,2.06,NA
32,90,90_1999,1999,Solomon Islands,118.736,66.310152,0.55846712,113.444,69.5769537,0.613315413,0.51139633,1233.714387,0.8,4.5,17.9,Christianity,Oceania,NA,NA
33,90,90_2009,2009,Solomon Islands,153.195,88.2382563,0.575986529,151.859,93.4016479,0.61505507,0.502189776,1428.508446,0.85,5,19.1,Christianity,Oceania,NA,NA
34,96,96_1991,1991,Brunei Darussalam,93.233,56.650271,0.607620381,81.365,47.2805087,0.581091485,0.533986644,13905.06387,1.81,7.6,23.1,Islam,Asia,1.81,NA
35,96,96_2011,2011,Brunei Darussalam,151.95,88.636059,0.58332385,141.472,80.3155759,0.567713582,0.51785483,47055.84112,1.41,8.8,27.5,Islam,Asia,1.41,NA
36,100,100_2001,2001,Bulgaria,3245.84,2138.206389,0.658752862,3481.448,2144.77251,0.616057603,0.482488634,1770.913534,0.95,9.9,39.7,Christianity,Europe,NA,NA
37,100,100_2011,2011,Bulgaria,3074.414,1885.121251,0.613164411,3296.089,1899.985349,0.5764363,0.482601452,7809.425062,0.82,10.9,42.3,Christianity,Europe,0.82,NA
38,104,104_2014,2014,Myanmar,17759.808,11060.89406,0.622804822,19721.964,11489.62417,0.582580121,0.473825197,1251.820765,1.35,4.8,26.1,Buddhism,Asia,1.35,NA
39,108,108_2008,2008,Burundi,2150.913,1207.708112,0.561486268,2263.414,1286.137977,0.568229222,0.487257287,198.3529006,0.56,2.5,16.2,Christianity,Africa,NA,NA
40,116,116_1998,1998,Cambodia,3030.397,1990.768505,0.656933235,3422.862,2026.709904,0.592109733,0.469591721,268.9904186,1.05,NA,17.1,Buddhism,Asia,NA,NA
41,116,116_2008,2008,Cambodia,4301.158,2594.319863,0.603167766,4774.336,2857.280885,0.598466653,0.473931006,745.6091807,1.06,4.8,19.8,Buddhism,Asia,NA,NA
42,120,120_2005,2005,Cameroon,4889.903,2428.125661,0.496559065,5009.08,2769.524274,0.552900787,0.493980341,1011.880073,1.26,3.5,20.4,Christianity,Africa,1.26,20.4
43,124,124_1991,1991,Canada,10871.298,6002.856478,0.552174771,11257.704,5904.054632,0.524445716,0.49126924,21768.34329,0.66,3.6,16.7,Christianity,North America,0.66,NA
44,124,124_1996,1996,Canada,11524.763,6991.851164,0.60668069,11965.73,6869.853497,0.574127404,0.490613926,21227.34753,0.69,4.3,16.8,Christianity,North America,NA,NA
45,124,124_2001,2001,Canada,12320.048,7441.461236,0.604012357,12743.062,7262.667233,0.569931091,0.491561023,23738.18072,0.78,4.9,17.2,Christianity,North America,NA,NA
46,124,124_2006,2006,Canada,13230.998,7913.875932,0.598131443,13644.238,7701.738704,0.564468218,0.492311881,40385.86996,1.09,5.2,17.6,Christianity,North America,NA,NA
47,124,124_2011,2011,Canada,14224.257,8390.296066,0.589858301,14645.203,8178.666459,0.558453608,0.492709493,52087.44638,1.4,5.5,17.9,Christianity,North America,1.4,NA
48,124,124_2016,2016,Canada,15079.066,8865.049869,0.587904441,15519.743,8659.990704,0.557998332,0.492799115,42322.48478,1.3,6.1,18.2,Christianity,North America,1.3,NA
49,144,144_2001,2001,Sri Lanka,6874.31,4273.25549,0.621626824,7051.843,4585.336197,0.650232315,0.493625914,832.8034402,1.95,10.2,27.6,Buddhism,Asia,NA,NA
50,144,144_2012,2012,Sri Lanka,7348.516,5002.824363,0.680793831,8019.812,5454.086188,0.680076564,0.478159758,3350.521876,2.21,10.9,30.4,Buddhism,Asia,2.21,NA
51,148,148_2009,2009,Chad,2924.187,1830.019453,0.625821623,2978.346,2229.534514,0.748581432,0.495412224,803.6860408,0.93,3.5,18,Islam,Africa,NA,NA
52,152,152_1992,1992,Chile,4665.992,2746.995007,0.5887269,4971.007,2802.793853,0.563828185,0.484174793,3350.213845,1.13,8.2,25.7,Christianity,South America,NA,NA
53,152,152_2002,2002,Chile,5617.652,3146.67074,0.560139849,5941.996,3165.759301,0.532777084,0.485970853,4446.250505,1.32,9.2,28.7,Christianity,South America,NA,NA
54,170,170_1993,1993,Colombia,10978.18,6160.70219,0.561177007,11768.197,6350.061018,0.539595064,0.482634223,1893.542212,1.78,5.8,21.9,Christianity,South America,NA,NA
55,188,188_2000,2000,Costa Rica,1357.908,796.1472081,0.586304233,1369.767,779.0889584,0.568774805,0.497826171,3772.870012,1.53,8,25.3,Christianity,North America,1.53,25.3
56,188,188_2011,2011,Costa Rica,1755.325,990.1263862,0.564070122,1773.192,937.7476746,0.528847228,0.4974682,9121.932518,1.49,8.4,29.1,Christianity,North America,1.49,NA
57,191,191_1991,1991,Croatia,1830.152,1215.750149,0.664289168,2000.328,1215.104267,0.607452511,0.477786596,NA,1,6.3,35.8,Christianity,Europe,1,NA
58,191,191_2001,2001,Croatia,1734.831,1073.642785,0.618874567,1918.451,1073.368074,0.559497258,0.474869172,5362.022897,1.15,9.8,38.9,Christianity,Europe,NA,NA
59,191,191_2011,2011,Croatia,1735.067,1053.849687,0.607382705,1912.823,1059.565646,0.5539277,0.475635778,14609.52435,1.01,11.1,41.7,Christianity,Europe,1.01,NA
60,192,192_2002,2002,Cuba,4385.536,2647.089516,0.603595436,4482.282,2723.283021,0.607566195,0.494545107,2999.245244,2.17,9.5,32.8,Christianity,North America,NA,NA
61,192,192_2012,2012,Cuba,4597.527,2723.063251,0.592288691,4714.849,2789.43682,0.591628029,0.493700748,6497.321113,1.07,10.8,38.4,Christianity,North America,1.07,NA
62,196,196_1992,1992,Cyprus,301.148,205.5983075,0.682715168,297.788,201.6684279,0.677221473,0.502804974,11310.07192,1.1,8.9,29.9,Christianity,Europe,NA,NA
63,196,196_2001,2001,Cyprus,375.804,240.6893038,0.640464987,373.362,235.5094092,0.63078034,0.501629812,14821.44682,2.28,10.1,31.8,Christianity,Europe,NA,NA
64,196,196_2011,2011,Cyprus,459.394,284.7768285,0.619896708,467.305,286.3446968,0.612757614,0.495731624,32396.38574,0.95,11.6,33.9,Christianity,Europe,0.95,NA
65,203,203_1991,1991,Czechia,3901.353,2554.85104,0.654862823,4256.319,2554.649435,0.600201591,0.478243425,2896.609131,0.85,8.4,35.3,Unaffiliated Religions,Europe,0.85,NA
66,203,203_2001,2001,Czechia,4157.734,2398.604471,0.576901858,4478.726,2406.284818,0.537269933,0.48141646,6637.041657,1.44,10.9,37.5,Unaffiliated Religions,Europe,NA,NA
67,203,203_2011,2011,Czechia,4409.455,2479.870999,0.562398527,4637.732,2447.100744,0.527650313,0.48738409,21871.26608,1.36,12.5,39.6,Unaffiliated Religions,Europe,1.36,NA
68,204,204_2002,2002,Benin,1943.04,1100.829524,0.566550109,2072.678,1434.112272,0.69191272,0.483858677,572.2287954,0.45,2.7,17.3,Christianity,Africa,NA,NA
69,208,208_1991,1991,Denmark,2093.328,1318.317414,0.62977107,2183.383,1317.764001,0.603542301,0.489471465,27011.37746,1.21,9.2,37.1,Christianity,Europe,1.21,NA
70,208,208_2011,2011,Denmark,2261.869,1397.21841,0.61772738,2326.757,1389.455588,0.597164031,0.492929474,61753.64713,0.97,12.7,40.6,Christianity,Europe,0.97,NA
71,214,214_2002,2002,Dominican Republic,2864.44,1637.363808,0.571617422,2882.478,1734.123543,0.601608596,0.498430637,3110.32509,2.54,6.7,22.5,Christianity,North America,NA,NA
72,214,214_2010,2010,Dominican Republic,3353.989,1734.204791,0.517057388,3373.418,1791.029298,0.530924213,0.498555982,5555.389722,1.71,7.3,25,Christianity,North America,1.71,25
73,218,218_2010,2010,Ecuador,5140.321,2990.407373,0.581754986,5211.752,2973.956103,0.570625023,0.496549918,4633.590358,1.41,7.8,25,Christianity,South America,1.41,25
74,222,222_1992,1992,El Salvador,1568.685,872.9720377,0.556499257,1736.756,899.6292338,0.517994027,0.474576615,1073.311045,0.79,3.9,19.6,Christianity,North America,NA,NA
75,222,222_2007,2007,El Salvador,1861.226,1065.49909,0.572471634,2198.578,1130.152385,0.514037885,0.458452181,2786.157922,0.54,5.8,23,Christianity,North America,NA,NA
76,231,231_2007,2007,Ethiopia,21441.808,12892.12413,0.601261057,22070.617,13738.80209,0.622492887,0.492774374,244.2860372,1.79,2,16.7,Christianity,Africa,NA,NA
77,233,233_2000,2000,Estonia,525.247,301.2957583,0.573626805,627.861,293.6169298,0.46764639,0.455505469,4075.970639,0.77,11.7,38,Unaffiliated Religions,Europe,0.77,38
78,233,233_2011,2011,Estonia,513.911,285.0014389,0.554573533,610.106,281.93151,0.462102503,0.457209277,17621.54796,0.89,12.5,40.2,Unaffiliated Religions,Europe,0.89,NA
79,246,246_2000,2000,Finland,2052.373,991.1164244,0.482912426,2194.696,994.2465639,0.453022452,0.483244562,24285.46682,1.16,9.3,39.4,Christianity,Europe,1.16,39.4
80,246,246_2010,2010,Finland,2180.291,1002.029877,0.459585384,2298.93,1005.868224,0.437537561,0.486756737,46459.97325,0.84,12.8,42,Christianity,Europe,0.84,42
81,250,250_1990,1990,France,21754.529,12519.28467,0.575479463,23532.949,12453.32718,0.529186851,0.480365213,21793.84265,1.62,7.1,34.8,Christianity,Europe,NA,34.8
82,250,250_1999,1999,France,22764.98,12294.79982,0.540075143,24761.067,12175.89832,0.491735607,0.479000073,24673.19897,1.41,9.6,36.2,Christianity,Europe,NA,NA
83,250,250_2009,2009,France,24372.207,15414.66879,0.63246914,26606.068,15411.43889,0.579245264,0.478090069,41575.41875,1.19,10.8,38.9,Christianity,Europe,NA,NA
84,268,268_2014,2014,Georgia,1530.048,1022.360288,0.668188376,1751.138,1039.846108,0.593811629,0.466309438,4739.188338,0.73,12.6,37,Christianity,Asia,0.73,NA
85,270,270_2003,2003,Gambia,378.972,174.5841644,0.460678268,392.693,259.5075813,0.660840864,0.491109484,335.906217,1.76,2.2,16.5,Islam,Africa,NA,NA
86,276,276_2011,2011,Germany,34053.815,21339.55408,0.626642098,35878.885,20988.26418,0.584975374,0.48695124,46644.77603,0.93,13.8,44.3,Christianity,Europe,0.93,NA
87,288,288_2000,2000,Ghana,5551.679,2872.921428,0.517486949,5542.838,3282.16036,0.592144378,0.50039844,258.4709595,1.06,6.1,18.5,Christianity,Africa,1.06,18.5
88,288,288_2010,2010,Ghana,7565.755,3833.27913,0.506661811,7478.822,4109.29149,0.549457052,0.502889181,1299.344949,1.19,6.7,20,Christianity,Africa,1.19,20
89,296,296_2005,2005,Kiribati,28.011,16.859148,0.601875977,30.224,18.6754079,0.617899944,0.480999399,1214.556667,NA,7.3,20.7,Christianity,Oceania,NA,20.7
90,300,300_1991,1991,Greece,4103.086,2658.629193,0.647958437,4246.423,2673.476505,0.629583182,0.491416441,10188.36978,2.7,7.9,35.1,Christianity,Europe,2.7,NA
91,300,300_2001,2001,Greece,4677.994,2817.373323,0.602260996,4795.851,2749.802332,0.573371093,0.493779875,12538.17887,2.29,8.8,38,Christianity,Europe,NA,NA
92,300,300_2011,2011,Greece,4483.12,2675.916545,0.596887111,4716.166,2647.000325,0.561261059,0.487333473,25916.29349,1.42,10.3,41.1,Christianity,Europe,1.42,NA
93,320,320_2018,2018,Guatemala,5459.107,3223.223549,0.59043055,5849.387,3346.811837,0.572164543,0.482743945,4472.892371,1.85,6.5,21.3,Christianity,North America,1.85,NA
94,324,324_1996,1996,Guinea,1847.119,971.7649579,0.526097646,2173.371,1666.385545,0.766728527,0.459426339,518.3742332,0.61,1.4,17,Islam,Africa,NA,NA
95,324,324_2014,2014,Guinea,2791.53,1393.174464,0.499072001,3309.511,2468.205349,0.745791553,0.457549785,787.2380702,0.62,2.6,16.7,Islam,Africa,0.62,NA
96,332,332_2003,2003,Haiti,2626.153,1256.292095,0.478377343,2805.616,1516.975924,0.540692641,0.483480244,561.8179438,1.33,4.1,19.1,Christianity,North America,NA,NA
97,340,340_2001,2001,Honduras,1899.719,1079.860577,0.56843174,1983.321,1136.264197,0.57290988,0.489234981,1133.186372,1.09,4.4,18.2,Christianity,North America,NA,NA
98,344,344_1991,1991,"China, Hong Kong SAR",2329.954,1394.711943,0.598600635,2295.476,1356.526578,0.59095655,0.503727005,15465.85886,0.82,8.6,31,Unaffiliated Religions,Asia,0.82,NA
99,344,344_1996,1996,"China, Hong Kong SAR",2503.206,1555.496509,0.621401718,2547.984,1512.11219,0.59345435,0.495567579,24818.15455,0.86,8.8,34,Unaffiliated Religions,Asia,NA,NA
100,344,344_2001,2001,"China, Hong Kong SAR",2699.426,1671.486297,0.619200637,2879.659,1648.651477,0.572516217,0.483847441,25230.21633,0.72,9.1,36.2,Unaffiliated Religions,Asia,NA,NA
101,344,344_2006,2006,"China, Hong Kong SAR",2767.142,1682.537394,0.60804158,3100.458,1710.895796,0.551820343,0.471596905,28224.21506,0.68,11,39.1,Unaffiliated Religions,Asia,NA,NA
102,344,344_2011,2011,"China, Hong Kong SAR",2854.379,1746.976937,0.612033979,3336.31,1828.189206,0.547967427,0.461076142,35142.48793,0.7,11.4,41.2,Unaffiliated Religions,Asia,0.7,NA
103,344,344_2016,2016,"China, Hong Kong SAR",2923.554,1803.449042,0.61686873,3508.868,1955.645378,0.557343673,0.45450283,43731.10682,0.83,12.1,43.2,Unaffiliated Religions,Asia,0.83,NA
104,348,348_1990,1990,Hungary,3900.23,2447.486605,0.62752366,4358.502,2446.135221,0.561233016,0.472255305,NA,0.8,8.7,36.4,Christianity,Europe,NA,36.4
105,348,348_2001,2001,Hungary,3985.775,2271.960269,0.570017191,4526.895,2285.700602,0.504915754,0.468216787,5276.033189,0.81,10.3,38.5,Christianity,Europe,NA,NA
106,348,348_2011,2011,Hungary,3948.645,2246.240241,0.568863557,4490.558,2284.107668,0.508646736,0.467893117,14216.16561,0.99,11.7,40.1,Christianity,Europe,0.99,NA
107,352,352_2011,2011,Iceland,128.611,71.8258475,0.558473595,127.76,70.6789333,0.553216447,0.501659704,47516.87469,0.8,11,34.8,Christianity,Europe,0.8,NA
108,356,356_1991,1991,India,286853.712,195157.3785,0.680337644,267824.629,201492.82,0.752331183,0.517153259,303.0556053,0.91,3.1,21.1,Hinduism,Asia,0.91,NA
109,356,356_2001,2001,India,364321.798,245032.4328,0.67257143,341302.921,247692.0262,0.725724894,0.516310991,451.5730011,0.94,4.5,22.7,Hinduism,Asia,NA,NA
110,356,356_2011,2011,India,450035.839,307368.0982,0.682985824,420208.498,300878.7558,0.716022539,0.517137337,1458.103527,0.99,5.3,25.1,Hinduism,Asia,0.99,NA
111,360,360_1990,1990,Indonesia,57385.407,35512.42611,0.618840712,57900.699,36570.93111,0.631614674,0.49776516,585.07655,1.25,3.3,21.3,Islam,Asia,NA,21.3
112,360,360_2000,2000,Indonesia,72878.683,46791.17249,0.64204196,73716.426,47579.70413,0.645442362,0.497142664,780.190201,1.18,6.7,24.4,Islam,Asia,1.18,24.4
113,360,360_2010,2010,Indonesia,86008.714,59732.60824,0.694494842,86109.295,58360.07659,0.677744216,0.499707814,3122.362815,1.25,7.4,27.2,Islam,Asia,1.25,27.2
114,368,368_1997,1997,Iraq,6001.847,3274.579438,0.545595287,6082.763,3364.892891,0.553184941,0.496652105,NA,0.83,4.5,17.5,Islam,Asia,NA,NA
115,372,372_1991,1991,Ireland,1263.285,648.4224188,0.513282766,1308.896,657.9080602,0.502643495,0.491133789,14104.07843,1.08,9.9,28.4,Christianity,Europe,1.08,NA
116,372,372_1996,1996,Ireland,1356.602,660.0799288,0.486568595,1406.004,671.7338224,0.477760961,0.491058805,20860.59696,1.01,10.5,30.1,Christianity,Europe,NA,NA
117,372,372_2002,2002,Ireland,1530.931,716.2636407,0.467861478,1568.541,716.8357918,0.457008004,0.493932838,32541.09855,0.98,11.2,31.8,Christianity,Europe,NA,NA
118,372,372_2006,2006,Ireland,1671.048,784.4627733,0.469443591,1702.505,778.6998337,0.457384756,0.495337705,54306.42932,0.87,11.8,33.2,Christianity,Europe,NA,NA
119,372,372_2011,2011,Ireland,1783.195,1041.985966,0.584336523,1840.088,1063.676125,0.578057204,0.492148971,51848.9097,0.71,10.9,34.4,Christianity,Europe,0.71,NA
120,372,372_2016,2016,Ireland,1802.306,884.0776273,0.490525819,1871.917,887.9061805,0.474329888,0.490527113,63197.0824,0.84,12.5,36.5,Christianity,Europe,0.84,NA
121,376,376_1995,1995,Israel,1820.234,1122.828327,0.616859331,1922.598,1116.567361,0.58075966,0.486325328,18103.6625,1.47,11.6,27.3,Judaism,Asia,1.47,27.3
122,380,380_2001,2001,Italy,23374.968,14101.88087,0.603289847,25399.924,14092.31218,0.5548171,0.47924182,20483.21599,1.79,8.7,40.3,Christianity,Europe,NA,NA
123,380,380_2011,2011,Italy,24521.341,15492.39894,0.631792484,26686.847,15655.22099,0.58662685,0.478855862,38599.06221,1.27,9.8,43.5,Christianity,Europe,1.27,NA
124,384,384_1998,1998,CÙte d'Ivoire,4628.009,2396.339413,0.517790569,4118.44,2541.153167,0.617018377,0.52913005,809.0126883,1.01,3,17.8,Christianity,Africa,NA,NA
125,384,384_2014,2014,CÙte d'Ivoire,6600.951,3242.36024,0.491195926,6353.224,3650.037188,0.574517314,0.509561666,1561.463655,1.5,4.4,17.9,Christianity,Africa,1.5,NA
126,392,392_1990,1990,Japan,49555.459,31807.53548,0.641857348,51947.335,31553.44992,0.607412294,0.488217684,25359.34702,1.1,9.6,37.3,Unaffiliated Religions,Asia,NA,37.3
127,392,392_1995,1995,Japan,51653.267,32441.59954,0.628064814,54182.261,32136.67535,0.593121711,0.488052245,43440.36787,1.03,10.2,39.4,Unaffiliated Religions,Asia,1.03,39.4
128,392,392_2000,2000,Japan,52946.902,33086.36334,0.624897059,55724.251,32668.85216,0.586259152,0.487221314,38532.04088,0.92,10.7,41.2,Unaffiliated Religions,Asia,0.92,41.2
129,392,392_2005,2005,Japan,53774.302,33181.93882,0.617059405,56804.467,32697.04633,0.575606956,0.486298613,37217.64873,0.91,11.2,43,Unaffiliated Religions,Asia,0.91,43
130,392,392_2010,2010,Japan,54060.461,32842.59045,0.607515915,57315.337,32527.30555,0.567514862,0.485387867,44507.67639,0.85,11.5,44.7,Unaffiliated Religions,Asia,0.85,44.7
131,392,392_2015,2015,Japan,54000.771,33635.80698,0.622876421,57359.886,32888.28971,0.573367418,0.484917856,34524.46986,0.86,12.5,46.4,Unaffiliated Religions,Asia,0.86,46.4
132,400,400_1994,1994,Jordan,1358.793,753.4708709,0.554514831,1207.321,702.9101659,0.582206527,0.529513888,1414.33827,1.66,8.5,16.8,Islam,Asia,NA,NA
133,400,400_2004,2004,Jordan,1782.04,977.6315022,0.548602446,1652.33,939.175515,0.56839464,0.518884104,2044.962623,1.71,9.7,19.6,Islam,Asia,NA,NA
134,400,400_2015,2015,Jordan,3002.938,1720.888758,0.573068361,2929.825,1772.089021,0.604844665,0.5061618,4164.107876,2.06,10.3,22.1,Islam,Asia,2.06,22.1
135,404,404_2009,2009,Kenya,11317.876,6042.376627,0.533879027,11732.219,7081.790897,0.603619051,0.491012119,905.1317861,1.13,6.1,17.6,Christianity,Africa,NA,NA
136,410,410_1990,1990,Republic of Korea,15832.26,9322.664379,0.588839773,16168.736,9438.408403,0.583744357,0.494742726,6610.036508,0.74,8.9,27,Unaffiliated Religions,Asia,NA,27
137,410,410_1995,1995,Republic of Korea,17239.679,10440.32311,0.605598463,17622.398,10520.2474,0.596981603,0.494510955,12564.77813,0.73,10,29.3,Unaffiliated Religions,Asia,0.73,29.3
138,410,410_2000,2000,Republic of Korea,18602.668,11324.12275,0.608736486,19009.506,11350.29582,0.597085259,0.494591671,12256.99357,0.72,10.6,31.9,Unaffiliated Religions,Asia,0.72,31.9
139,410,410_2005,2005,Republic of Korea,19601.109,11730.3436,0.598453057,19930.843,11709.21818,0.58749237,0.495829525,19402.50263,0.85,11.4,34.8,Unaffiliated Religions,Asia,0.85,34.8
140,410,410_2010,2010,Republic of Korea,20664.531,12151.36181,0.588029886,20903.466,11985.49569,0.573373607,0.497125974,23087.22564,0.82,11.6,38,Unaffiliated Religions,Asia,0.82,38
141,410,410_2015,2015,Republic of Korea,21847.127,12437.74386,0.569307986,21971.667,11966.11451,0.544615687,0.49857892,28732.23108,0.97,12.1,40.8,Unaffiliated Religions,Asia,0.97,40.8
142,417,417_1999,1999,Kyrgyzstan,1519.48,950.8267006,0.625757957,1608.536,947.4495032,0.589013552,0.485764779,258.0492288,1.35,9.8,21.6,Islam,Asia,NA,NA
143,417,417_2009,2009,Kyrgyzstan,1825.413,1047.855118,0.574037282,1916.665,1050.826396,0.548257727,0.487807309,871.2243893,1.22,10.4,23.8,Islam,Asia,NA,NA
144,418,418_1995,1995,Lao Peopleís Democratic Republic,1323.875,844.775307,0.638108059,1368.435,859.448917,0.628052423,0.491724579,363.8796019,1,3.6,17.6,Buddhism,Asia,1,17.6
145,418,418_2005,2005,Lao Peopleís Democratic Republic,1673.349,1035.413839,0.618767417,1759.769,1110.898721,0.63127531,0.487413774,475.6107135,1.01,4.2,19.1,Buddhism,Asia,1.01,19.1
146,418,418_2015,2015,Lao Peopleís Democratic Republic,2229.05,1397.056924,0.626749927,2246.26,1459.822503,0.649890263,0.498077228,2134.711796,0.86,5.1,22.8,Buddhism,Asia,0.86,22.8
147,426,426_1996,1996,Lesotho,532.495,279.6303811,0.525132407,588.566,308.9340304,0.524892757,0.474991994,489.1318193,1.62,4.7,18.2,Christianity,Africa,NA,NA
148,426,426_2006,2006,Lesotho,595.281,283.0720884,0.475526833,662.847,314.9770227,0.475188124,0.473148201,904.6034022,1.48,5.4,20.3,Christianity,Africa,NA,NA
149,428,428_2000,2000,Latvia,877.615,505.5094161,0.576003619,1080.809,554.8008972,0.51332002,0.448123083,3357.586436,0.89,9.5,37.9,Christianity,Europe,0.89,37.9
150,428,428_2011,2011,Latvia,806.666,457.4817826,0.567126645,989.95,470.6007904,0.475378343,0.448991883,13895.16257,0.74,12.6,40.8,Christianity,Europe,0.74,NA
151,430,430_2008,2008,Liberia,1015.043,514.964412,0.507332608,1037.697,584.7104516,0.563469348,0.494482009,478.3999379,1,4,18.4,Christianity,Africa,NA,NA
152,440,440_2001,2001,Lithuania,1279.396,779.3062896,0.609120467,1521.86,784.0281962,0.515177609,0.45672227,3525.793632,0.75,10.9,35.9,Christianity,Europe,NA,NA
153,440,440_2011,2011,Lithuania,1186.978,720.7636064,0.60722575,1444.936,736.418521,0.509654767,0.450994219,14392.53426,0.72,11.8,40.6,Christianity,Europe,0.72,NA
154,442,442_1991,1991,Luxembourg,154.609,95.0394626,0.614708475,164.073,92.5945057,0.56434944,0.485151342,37007.43753,1.88,8.9,36.4,Christianity,Europe,1.88,NA
155,442,442_2001,2001,Luxembourg,174.096,103.0076779,0.591671709,182.778,100.7708325,0.551329112,0.487836043,48179.42085,1.73,10.5,37.3,Christianity,Europe,NA,NA
156,442,442_2011,2011,Luxembourg,212.067,125.0789559,0.589808673,216.88,121.4827707,0.56013819,0.49438975,115761.5077,1.63,11.8,38.9,Christianity,Europe,1.63,NA
157,450,450_1993,1993,Madagascar,3439.603,1982.549759,0.576389124,3486.245,1963.992055,0.563354571,0.496632759,320.5642177,1,NA,17.1,Christianity,Africa,NA,NA
158,458,458_1991,1991,Malaysia,5934.187,3457.667602,0.582669134,5778.603,3479.100132,0.602065955,0.506641629,2653.526742,1.29,6.7,21.6,Islam,Asia,1.29,NA
159,458,458_2000,2000,Malaysia,7847.116,4627.350357,0.589688028,7610.413,4628.987472,0.608243925,0.50765656,4043.662051,1.03,8.6,23.8,Islam,Asia,1.03,23.8
160,458,458_2010,2010,Malaysia,10491.44,6253.660537,0.596072659,9829.308,5822.383167,0.592349244,0.516292018,9040.566251,1.09,9.8,26,Islam,Asia,1.09,26
161,466,466_1998,1998,Mali,2681.094,1365.630641,0.509355748,2843.422,1992.588499,0.700771288,0.485308396,281.8726309,1.02,1.1,16.5,Islam,Africa,NA,NA
162,466,466_2009,2009,Mali,3768.303,2013.415044,0.534302853,3895.129,2800.324426,0.718929829,0.491725248,698.8989219,1.43,1.9,16.5,Islam,Africa,NA,NA
163,470,470_2011,2011,Malta,175.959,108.8296958,0.618494625,179.979,109.4981606,0.608394094,0.494352949,23155.55477,1.19,10.5,40.2,Christianity,Europe,1.19,NA
164,480,480_1990,1990,Mauritius,371.489,206.028021,0.554600597,378.329,214.7721709,0.567686249,0.495438893,2506.179312,1.8,5.7,24.9,Hinduism,Africa,NA,24.9
165,480,480_2000,2000,Mauritius,433.137,262.4734114,0.605982429,446.758,267.9461501,0.599756804,0.492259872,3929.075495,1.64,6.2,29,Hinduism,Africa,1.64,29
166,480,480_2011,2011,Mauritius,484.455,292.2559743,0.603267536,500.046,293.2558728,0.586457791,0.492081775,9197.026972,2.38,8.5,32.9,Hinduism,Africa,2.38,NA
167,484,484_1990,1990,Mexico,24831.963,15157.76199,0.610413361,26199.91,15663.2795,0.597837149,0.486597131,3112.268706,1.67,5.5,19.7,Christianity,North America,NA,19.7
168,484,484_1995,1995,Mexico,28008.256,17098.20188,0.610470066,30000.89,17254.71546,0.575140119,0.482824829,3928.223926,1.43,6.4,21.3,Christianity,North America,1.43,21.3
169,484,484_2000,2000,Mexico,31401.982,19553.68358,0.622689472,33677.63,19829.10398,0.58879155,0.482516429,7157.8145,1.49,6.7,22.9,Christianity,North America,1.49,22.9
170,484,484_2010,2010,Mexico,38690.713,23826.88083,0.615829458,41736.054,24190.33216,0.579602762,0.481067615,9271.398233,0.96,8,26.2,Christianity,North America,0.96,26.2
171,496,496_2000,2000,Mongolia,775.953,454.6191813,0.585884946,787.851,449.3481184,0.570346574,0.496195815,474.2168965,0.98,8.2,22,Buddhism,Asia,0.98,22
172,496,496_2010,2010,Mongolia,977.751,588.0358863,0.601416809,1007.184,596.3513058,0.592097676,0.492585903,2643.292914,0.83,9.5,25.7,Buddhism,Asia,0.83,25.7
173,498,498_2014,2014,Republic of Moldova,1625.972,952.7635068,0.585965507,1802.472,1014.882702,0.563050467,0.47425946,3328.801449,0.66,11.6,34.2,Christianity,Europe,0.66,NA
174,499,499_2003,2003,Montenegro,236.721,138.8259571,0.586453915,250.758,138.8807318,0.553843673,0.485602457,2789.159065,1.36,10.3,34.4,Christianity,Europe,NA,NA
175,499,499_2011,2011,Montenegro,246.357,138.4457416,0.561972023,259.348,138.4034997,0.533659406,0.487155555,7329.026063,1.04,11.1,36.4,Christianity,Europe,1.04,NA
176,504,504_1994,1994,Morocco,8115.128,4175.189451,0.51449459,8445.426,4647.365576,0.55028196,0.490027568,1326.941304,0.96,2.7,19.8,Islam,Africa,NA,NA
177,504,504_2004,2004,Morocco,10065.555,5295.669629,0.526117996,10636.124,5630.392754,0.529365091,0.486219258,1952.90183,0.95,3.8,22.7,Islam,Africa,NA,NA
178,508,508_1997,1997,Mozambique,4193.11,2783.072174,0.663725057,4908.441,3222.468848,0.656515755,0.460702797,283.5140758,0.4,1.9,17.7,Christianity,Africa,NA,NA
179,508,508_2007,2007,Mozambique,5504.388,3514.886722,0.638560858,6290.71,4069.117637,0.646845529,0.466667424,482.1986304,0.61,3,17.3,Christianity,Africa,NA,NA
180,508,508_2017,2017,Mozambique,7441.552,4679.427464,0.62882413,8327.037,5205.425608,0.625123391,0.471922504,461.4150941,1.15,3.4,17.1,Christianity,Africa,1.15,NA
183,516,516_2001,2001,Namibia,501.777,170.7933731,0.340377046,563.463,209.2274639,0.371324229,0.471045961,1906.292604,1.13,5.8,18.5,Christianity,Africa,NA,NA
184,516,516_2011,2011,Namibia,640.937,220.7806035,0.344465374,710.609,251.0502534,0.353288874,0.474225073,5723.32549,1.22,6.3,20.5,Christianity,Africa,1.22,NA
185,524,524_2011,2011,Nepal,8208.579,5737.473682,0.698960646,9146.226,6908.665683,0.755356984,0.472985954,699.4293377,0.72,3.3,21.7,Hinduism,Asia,0.72,NA
186,528,528_2001,2001,Netherlands,6423.96,3577.449085,0.556891557,6642.264,3425.692482,0.515741693,0.491646248,26873.27593,1.6,11,37.5,Christianity,Europe,NA,NA
187,528,528_2011,2011,Netherlands,6823.801,4344.422752,0.636657305,7012.958,4288.366091,0.611491769,0.493164693,54159.34661,1.18,12,40.8,Christianity,Europe,1.18,NA
188,554,554_1991,1991,New Zealand,1288.251,697.0511799,0.54108336,1359.943,695.9588997,0.511755934,0.486463983,12230.07345,0.87,11.6,31.1,Christianity,Oceania,0.87,NA
189,554,554_1996,1996,New Zealand,1391.042,878.8549681,0.631796141,1470.513,876.3894613,0.595975324,0.486114018,18794.43604,1.01,11.6,32.6,Christianity,Oceania,NA,NA
190,554,554_2001,2001,New Zealand,1466.137,744.3406499,0.507688333,1563.261,742.2548295,0.474811839,0.483969752,13882.85683,0.96,11.6,34.3,Christianity,Oceania,NA,NA
191,554,554_2006,2006,New Zealand,1593.799,787.7974145,0.494289063,1699.932,785.686299,0.462186899,0.483888636,26671.32942,1.18,11.7,35.5,Christianity,Oceania,NA,NA
192,558,558_2005,2005,Nicaragua,1676.445,949.1393826,0.566161957,1792.196,995.89571,0.555684596,0.483314647,1162.290113,1.13,5.5,21.1,Christianity,North America,1.13,21.1
193,562,562_2001,2001,Niger,2922.422,1913.960221,0.654922602,3124.332,2427.130404,0.776847788,0.483304265,208.3770422,0.53,1.1,15.9,Islam,Africa,NA,NA
194,566,566_1991,1991,Nigeria,26813.968,15193.67122,0.566632705,26969.455,18271.1998,0.677477532,0.498554508,502.9141389,0.88,NA,17.4,Christianity,Africa,0.88,NA
195,566,566_2006,2006,Nigeria,40185.587,21398.22596,0.532485091,39923.619,25589.30219,0.640956477,0.501635068,1656.424759,0.96,5.2,18,Christianity,Africa,NA,NA
196,578,578_1990,1990,Norway,1687.956,889.4541922,0.526941574,1755.519,888.4942924,0.506114882,0.490189707,28242.94374,0.87,11.5,35.4,Christianity,Europe,NA,35.4
197,578,578_2001,2001,Norway,1777.696,1054.160501,0.592992559,1842.399,1049.191503,0.569470296,0.491063356,38542.7151,0.91,12.1,36.9,Christianity,Europe,NA,NA
198,578,578_2011,2011,Norway,2003.913,1157.552036,0.577645854,2020.156,1134.051611,0.561368335,0.497981769,100600.5624,0.88,12.8,38.7,Christianity,Europe,0.88,NA
199,586,586_1998,1998,Pakistan,40058.824,24356.26131,0.60801239,37312.913,24957.24633,0.66886352,0.517744923,461.2167361,0.51,3.1,18.4,Islam,Asia,NA,NA
200,591,591_1990,1990,Panama,796.161,417.0209619,0.523789738,788.232,439.0875944,0.557053754,0.50250222,2603.846622,1.66,7.3,21.7,Christianity,North America,NA,21.7
201,591,591_2000,2000,Panama,1032.823,560.6383279,0.542821304,1028.279,583.7870792,0.567732181,0.501102323,4060.324493,1.66,8.5,24.5,Christianity,North America,1.66,24.5
202,591,591_2010,2010,Panama,1289.041,722.743647,0.560683211,1292.508,733.6716421,0.567634121,0.499328504,8082.028459,1.76,9.3,27.2,Christianity,North America,1.76,27.2
203,600,600_1992,1992,Paraguay,1317.937,757.2311138,0.574557899,1295.959,771.6534255,0.595430431,0.504204069,1610.213334,1.5,5.9,19.3,Christianity,South America,NA,NA
204,600,600_2002,2002,Paraguay,1752.238,954.8344358,0.544922799,1711.896,968.3695092,0.565670759,0.505822812,1300.851426,1.47,6.5,20.3,Christianity,South America,NA,NA
205,604,604_1993,1993,Peru,7128.479,3975.73642,0.557725767,7406.729,4290.718448,0.579300046,0.490428414,1488.033249,1.01,7,20.1,Christianity,South America,NA,NA
206,604,604_2007,2007,Peru,9610.343,5490.553507,0.571317122,9880.575,5756.330391,0.582590628,0.493067746,3606.070435,1,8.1,24.1,Christianity,South America,NA,NA
207,608,608_1995,1995,Philippines,21012.421,12223.41927,0.581723509,21023.004,12490.19733,0.594120485,0.499874118,1062.133065,1.19,7.1,19.8,Christianity,Asia,1.19,19.8
208,608,608_2010,2010,Philippines,30967.687,18156.39999,0.586301456,31058.489,18509.26329,0.595948608,0.499268035,2217.474009,1.09,8.9,23.1,Christianity,Asia,1.09,23.1
209,608,608_2015,2015,Philippines,34452.374,19669.41609,0.570916132,34696.691,20270.04496,0.584206862,0.498233403,3001.040371,1.08,9.3,24.1,Christianity,Asia,1.08,24.1
210,616,616_2002,2002,Poland,15074.222,9164.04874,0.607928472,16411.059,9223.323002,0.562018758,0.478770445,5207.171421,1.26,11.4,35,Christianity,Europe,NA,NA
211,616,616_2011,2011,Poland,15540.325,9367.69918,0.602799438,16942.411,9441.021879,0.557241934,0.478417982,13879.56099,1.15,12.3,38.1,Christianity,Europe,1.15,NA
212,620,620_1991,1991,Portugal,3763.612,2513.009629,0.667712195,4179.021,2520.778979,0.603198448,0.473849415,8958.985333,2.16,6.3,34.2,Christianity,Europe,2.16,NA
213,620,620_2001,2001,Portugal,4152.133,2761.744845,0.66513882,4552.369,2763.583281,0.607064867,0.477009828,11724.6115,1.56,6.9,37.8,Christianity,Europe,NA,NA
214,620,620_2011,2011,Portugal,4247.434,2458.576765,0.578838133,4757.756,2479.109025,0.52106687,0.471665118,23186.91313,1.06,8.3,41.6,Christianity,Europe,1.06,NA
215,624,624_1991,1991,Guinea-Bissau,251.035,128.6584921,0.512512168,282.566,204.8979573,0.725133092,0.470454516,257.7891756,0.8,NA,16.8,Islam,Africa,0.8,NA
216,626,626_2004,2004,Timor-Leste,269.396,153.4743167,0.56969783,265.932,158.3037789,0.595279165,0.5032354,453.4788295,1.62,3.1,17.6,Christianity,Asia,NA,NA
217,626,626_2010,2010,Timor-Leste,316.658,167.259151,0.528201249,311.738,179.707373,0.576469256,0.503914729,806.4091016,1.49,4.4,18.2,Christianity,Asia,1.49,18.2
218,626,626_2015,2015,Timor-Leste,364.73,193.6856252,0.531038371,359.199,205.4525184,0.571974082,0.503820126,1332.782859,1.77,4.5,19.6,Christianity,Asia,1.77,19.6
221,642,642_1992,1992,Romania,8765.48,5959.767466,0.679913418,9250.053,5965.715199,0.644938488,0.486551244,1102.103785,0.89,9.2,32.6,Christianity,Europe,NA,NA
222,642,642_2002,2002,Romania,8707.593,5217.84179,0.599228948,9308.434,5212.30037,0.559954593,0.48332482,2119.882673,0.85,9.6,34.9,Christianity,Europe,NA,NA
223,642,642_2011,2011,Romania,8224.598,4969.278385,0.604197115,8893.807,5077.19581,0.570868674,0.480453524,9099.217539,0.83,10.8,39.4,Christianity,Europe,0.83,NA
224,643,643_2010,2010,Russian Federation,55569.756,34487.96483,0.62062473,66491.964,34412.0219,0.517536554,0.455259487,10674.99578,0.87,11.5,38,Christianity,Europe,0.87,38
225,646,646_2002,2002,Rwanda,2284.58,1244.510771,0.544743791,2455.71,1170.323945,0.476572537,0.481949417,233.2845936,0.52,2.5,17.4,Christianity,Africa,NA,NA
226,646,646_2012,2012,Rwanda,3002.198,1621.795809,0.540202814,3198.078,1611.560853,0.503915431,0.484203929,725.6276813,1.04,3.7,18.9,Christianity,Africa,1.04,NA
227,662,662_1991,1991,Saint Lucia,43.588,12.6399397,0.289986687,45.858,11.7378557,0.255960916,0.48731078,4383.754446,1.8,NA,21.4,Christianity,North America,1.8,NA
228,670,670_2001,2001,Saint Vincent and the Grenadines,37.602,18.7577271,0.498849186,37.018,19.6494253,0.530807318,0.50391316,3985.683402,0.86,7.6,24.2,Christianity,North America,NA,NA
229,670,670_2012,2012,Saint Vincent and the Grenadines,41.446,21.9725583,0.530149069,39.769,21.1316779,0.531360555,0.510324447,6390.310632,0.82,8.4,29.2,Christianity,North America,0.82,NA
231,686,686_2002,2002,Senegal,2736.773,1395.37158,0.509860182,2989.078,1993.715317,0.667000097,0.477967904,656.6227077,1.76,2.4,17.3,Islam,Africa,NA,NA
232,686,686_2013,2013,Senegal,3666.184,1723.385592,0.470076131,4114.808,2532.61864,0.615488898,0.471171799,1376.069816,1.39,2.8,18,Islam,Africa,1.39,NA
233,688,688_2002,2002,Serbia,3629.487,2213.817666,0.609953326,3863.044,2251.535636,0.58283976,0.484414012,2283.846685,1.4,9.7,36.1,Christianity,Europe,NA,NA
234,688,688_2011,2011,Serbia,3604.741,2067.44393,0.573534667,3829.398,2107.20704,0.550271098,0.48489018,6809.159804,1.06,10.6,38.7,Christianity,Europe,1.06,NA
235,690,690_2002,2002,Seychelles,30.293,14.6014166,0.482006292,31.258,15.0274418,0.480755064,0.492160972,8331.261997,NA,7.6,26.2,Christianity,Africa,NA,NA
236,694,694_2004,2004,Sierra Leone,1508.548,816.4274786,0.541200862,1537.865,1048.896886,0.68204744,0.495188276,266.5695675,0.51,2.6,17.7,Islam,Africa,NA,NA
237,694,694_2015,2015,Sierra Leone,2070.547,1012.649175,0.489073262,2095.33,1185.523419,0.565793177,0.497025476,588.2284527,0.7,3.4,18.7,Islam,Africa,0.7,18.7
238,702,702_1990,1990,Singapore,1180.589,643.0643825,0.544697928,1185.763,664.4221839,0.560333038,0.498906756,11861.75616,1,5.8,29.3,Buddhism,Asia,NA,29.3
239,702,702_2000,2000,Singapore,1676.758,1046.442463,0.624086757,1598.291,978.5735364,0.612262433,0.511979515,23852.32703,0.9,8.9,34.8,Buddhism,Asia,0.9,34.8
240,702,702_2010,2010,Singapore,2306.266,1400.103351,0.607086672,2106.858,1216.345547,0.577326781,0.522592612,47236.96023,1.13,11,37.9,Buddhism,Asia,1.13,37.9
241,703,703_1991,1991,Slovakia,1911.66,1264.140181,0.661278774,2069.286,1268.686901,0.613103699,0.480202444,2691.195652,0.94,10.9,31.2,Christianity,Europe,0.94,NA
242,703,703_2001,2001,Slovakia,2095.327,1221.193912,0.582817819,2276.909,1236.810764,0.543197275,0.479234652,5717.21709,0.96,10.2,33.9,Christianity,Europe,NA,NA
243,703,703_2011,2011,Slovakia,2201.317,1195.116212,0.542909636,2381.963,1223.656748,0.513717782,0.480292934,18361.56948,1,12.1,37.3,Christianity,Europe,1,NA
244,705,705_1991,1991,Slovenia,765.331,471.0554813,0.615492488,834.176,472.6962665,0.566662511,0.478479306,6633.73741,0.74,11,34.2,Christianity,Europe,0.74,NA
245,705,705_2011,2011,Slovenia,867.631,476.0488828,0.548676664,892.578,464.1646135,0.520026948,0.492913626,25095.13229,1,12.2,41.6,Christianity,Europe,1,NA
246,705,705_2015,2015,Slovenia,872.726,489.8855534,0.561328015,894.633,473.2087638,0.528941771,0.493802334,20881.76693,1.25,11.9,43,Christianity,Europe,1.25,43
247,710,710_1991,1991,South Africa,11163.985,5596.534681,0.501302598,11590.71,5436.068689,0.469002217,0.490623364,3285.95465,1.38,6.6,19.8,Christianity,Africa,1.38,NA
248,710,710_1996,1996,South Africa,13016.648,5880.337062,0.451755096,13717.403,5966.863304,0.43498491,0.486893962,3494.383567,1.4,8.3,21.3,Christianity,Africa,NA,NA
249,710,710_2011,2011,South Africa,17884.751,7699.688331,0.430516943,18717.573,7636.105444,0.407964507,0.488623373,8007.412846,1.21,9.6,25,Christianity,Africa,1.21,NA
250,716,716_1992,1992,Zimbabwe,2935.462,1576.084433,0.536911884,3045.5,1817.071496,0.596641437,0.490800978,619.372594,0.43,4.9,16.9,Christianity,Africa,NA,NA
251,716,716_2002,2002,Zimbabwe,3300.22,1754.151697,0.531525685,3669.781,2077.211155,0.566031367,0.473489172,530.5305794,0.71,6.9,18.2,Christianity,Africa,NA,NA
252,716,716_2012,2012,Zimbabwe,3482.528,1915.945942,0.550159523,4124.491,2438.347553,0.591187507,0.457804562,1304.969802,1.26,7.9,18.6,Christianity,Africa,1.26,NA
253,724,724_1991,1991,Spain,15345.819,9318.433232,0.60722945,16357.952,9361.212071,0.572272866,0.484037656,14811.90282,1.94,6.4,33.4,Christianity,Europe,1.94,NA
254,724,724_2001,2001,Spain,17217.356,9745.360414,0.566019569,18105.767,9668.343715,0.533992496,0.487424512,15355.70317,2.14,8.5,37.6,Christianity,Europe,NA,NA
255,724,724_2011,2011,Spain,19625.528,12304.5681,0.626967493,20421.932,12194.09681,0.597107894,0.490056748,31636.44631,1.04,9.5,40,Christianity,Europe,1.04,NA
256,728,728_1993,1993,South Sudan,1422.436,737.8820309,0.518745329,1463.632,872.4564213,0.596090015,0.492862954,NA,1.2,NA,17.8,Christianity,Africa,NA,NA
257,728,728_2008,2008,South Sudan,2422.4,1357.595103,0.56043391,2472.515,1716.675687,0.694303447,0.494880912,1669.492414,1.19,4.8,17.7,Christianity,Africa,NA,NA
258,729,729_1993,1993,Sudan,6195.423,3111.368867,0.502204428,6249.815,3723.180457,0.595726507,0.497814746,320.4855165,1.51,1.8,17,Islam,Africa,NA,NA
259,740,740_2004,2004,Suriname,168.687,54.8806106,0.325339893,168.941,54.6778942,0.323650826,0.499623846,3006.183233,2.16,7.7,24.8,Christianity,South America,NA,NA
260,740,740_2012,2012,Suriname,191.852,57.7857795,0.301199776,193.802,59.589657,0.307476997,0.497471827,9200.974786,2.44,8.8,26.7,Christianity,South America,2.44,NA
261,748,748_2007,2007,Eswatini,279.994,119.0299961,0.425116239,337.379,162.6298711,0.482039105,0.453524855,3327.441875,1.24,5.3,18.5,Christianity,Africa,NA,NA
262,752,752_2011,2011,Sweden,3915.766,1601.02177,0.408865537,3987.656,1598.023545,0.400742578,0.49545197,60755.75955,0.99,12.4,40.7,Christianity,Europe,0.99,NA
263,756,756_1990,1990,Switzerland,2667.808,1596.020821,0.598251756,2851.436,1558.837599,0.546685109,0.483364751,38428.38546,2.06,9.7,36.9,Christianity,Europe,NA,36.9
264,756,756_2000,2000,Switzerland,2849.89,1666.377174,0.584716313,3047.747,1655.115366,0.543061929,0.483225739,37868.32303,1.36,11.4,38.6,Christianity,Europe,1.36,38.6
265,756,756_2011,2011,Switzerland,3289.446,2097.596811,0.637674797,3434.833,2053.274892,0.597780123,0.489189399,88415.62803,1.18,13.3,41.5,Christianity,Europe,1.18,NA
266,764,764_2000,2000,Thailand,23377.168,14986.42077,0.641070842,24478.939,15386.50334,0.628560876,0.488488711,2007.735175,0.96,6.1,30.2,Buddhism,Asia,0.96,30.2
267,764,764_2010,2010,Thailand,26313.418,15850.12395,0.602358992,27991.078,16638.66237,0.594427352,0.484553213,5076.340174,1,7.3,35.5,Buddhism,Asia,1,35.5
268,768,768_2010,2010,Togo,1809.306,975.3378688,0.539067393,1864.721,1201.549708,0.644358973,0.492458548,534.0443668,0.77,4.3,18.5,Christianity,Africa,0.77,18.5
269,776,776_1996,1996,Tonga,28.912,15.161166,0.52439008,29.197,16.0879697,0.551014478,0.497547712,2306.986856,2.98,9.1,19.8,Christianity,Oceania,NA,NA
270,776,776_2006,2006,Tonga,30.891,16.4757403,0.533350824,31.999,17.712063,0.553519266,0.491190968,2873.302721,2.66,9.4,21,Christianity,Oceania,NA,NA
271,776,776_2011,2011,Tonga,31.869,17.5533293,0.550796363,33.17,18.4187197,0.555282475,0.489998309,4002.659165,3.69,10.9,21.2,Christianity,Oceania,3.69,NA
272,776,776_2016,2016,Tonga,31.572,17.3912287,0.550843428,33.029,18.4472487,0.558516719,0.488723085,4158.288378,3.92,11.2,21.9,Christianity,Oceania,3.92,NA
273,780,780_2011,2011,Trinidad and Tobago,521.465,213.3061761,0.40905176,538.396,222.4112441,0.413099733,0.492012632,19034.1492,1.47,10.8,31.9,Christianity,North America,1.47,NA
274,788,788_1994,1994,Tunisia,2934.674,1589.3712,0.541583563,2931.028,1630.703142,0.556358773,0.50031079,1743.154533,1.11,4,21.3,Islam,Africa,NA,NA
275,792,792_2000,2000,Turkey,21320.339,13916.17526,0.652718292,22566.199,15093.50606,0.668854602,0.485805898,4337.478141,0.95,5.5,24.9,Islam,Asia,0.95,24.9
276,792,792_2011,2011,Turkey,26136.579,16727.62804,0.640008321,27744.208,17982.01411,0.648135788,0.485081612,11420.77326,1.22,6.7,28.3,Islam,Asia,1.22,NA
277,800,800_1991,1991,Uganda,4554.481,2556.126418,0.561233304,4724.943,3022.447425,0.639679129,0.490815055,185.0181481,0.46,2.9,15.9,Christianity,Africa,0.46,NA
278,807,807_1994,1994,The former Yugoslav Republic of Macedonia,736.856,507.5634686,0.688823147,741.58,522.806846,0.704990488,0.498402366,1794.709897,1.21,NA,29.2,Christianity,Europe,NA,NA
279,818,818_2017,2017,Egypt,31958.19,19371.77564,0.606159975,31910.452,20983.76286,0.657582753,0.50037372,2444.290311,2.8,7.2,24.3,Islam,Africa,2.8,NA
280,826,826_1991,1991,United Kingdom,22276.54,13210.92524,0.593042063,24117.605,13287.95269,0.550964853,0.480158434,19900.72665,0.79,8.6,35.8,Christianity,Europe,0.79,NA
281,826,826_2001,2001,United Kingdom,23123.023,14203.42519,0.614254684,24859.31,14046.85784,0.565054213,0.481907018,27744.50646,0.79,11.8,37.6,Christianity,Europe,NA,NA
282,826,826_2011,2011,United Kingdom,25723.214,15609.53076,0.60682661,27062.377,15633.21859,0.57767352,0.487315071,42038.57225,0.85,13,39.5,Christianity,Europe,0.85,NA
283,834,834_2012,2012,United Republic of Tanzania,12810.349,7075.387086,0.552318058,13126.442,7675.729611,0.584753249,0.493906474,867.8676806,1.69,5.5,17.4,Christianity,Africa,1.69,NA
284,854,854_2006,2006,Burkina Faso,3560.212,1960.246746,0.55059832,3836.733,2702.705278,0.704428814,0.481308432,473.4497655,1.31,1.3,16.6,Islam,Africa,NA,NA
285,858,858_1996,1996,Uruguay,1160.132,697.7345775,0.601426887,1278.797,708.3686838,0.553933645,0.475672724,6317.565767,1.68,7.5,31.1,Christianity,South America,NA,NA
286,858,858_2011,2011,Uruguay,1246.665,717.6162671,0.575628791,1383.921,702.4774103,0.507599357,0.473911516,14236.68119,1.67,8.4,33.9,Christianity,South America,1.67,NA
287,862,862_1990,1990,Venezuela (Bolivarian Republic of),6094.628,3268.501992,0.536292288,6099.541,3187.371618,0.522559258,0.499798551,2475.380473,0.98,4.6,20.9,Christianity,South America,NA,20.9
288,862,862_2001,2001,Venezuela (Bolivarian Republic of),8139.998,4417.571239,0.542699303,8239.778,4309.859656,0.523055312,0.496954171,4986.675586,1.07,6.4,23.2,Christianity,South America,NA,NA
289,862,862_2011,2011,Venezuela (Bolivarian Republic of),10035.176,5273.813719,0.525532758,10303.116,5249.167443,0.509473779,0.493412918,10955.34991,1.07,9.8,25.8,Christianity,South America,1.07,NA
290,882,882_1991,1991,Samoa,50.398,23.5287194,0.466858197,47.623,25.9795538,0.545525351,0.51415513,765.8506279,1.49,7.7,18.7,Christianity,Oceania,1.49,NA
291,882,882_2001,2001,Samoa,54.284,28.4485221,0.524068272,50.287,29.500764,0.586647921,0.519111417,1557.01718,1.4,8.9,19.5,Christianity,Oceania,NA,NA
292,882,882_2006,2006,Samoa,56.63,29.9603696,0.529054734,53.141,31.086899,0.584988973,0.515892176,2796.570246,1.36,9.5,20.3,Christianity,Oceania,NA,NA
293,882,882_2011,2011,Samoa,59.682,32.1663254,0.538961922,56.27,32.4201144,0.576152735,0.514712985,3933.459357,1.3,10.5,20.8,Christianity,Oceania,1.3,NA
294,882,882_2016,2016,Samoa,61.664,33.5601421,0.544242055,57.682,32.8855157,0.570117466,0.516682587,4109.165135,1.34,10.6,20.9,Christianity,Oceania,1.34,NA
295,887,887_1994,1994,Yemen,3511.318,2164.721123,0.616498171,3531.172,2410.322328,0.682584232,0.498590413,291.4721525,0.4,0.6,14.4,Islam,Asia,NA,NA
296,894,894_2010,2010,Zambia,3485.392,1871.463212,0.536944829,3686.443,2103.341629,0.570561278,0.485983294,1489.459306,1.01,6.6,16.2,Christianity,Africa,1.01,16.2